ID,Treatment,Sex,Population,MCINXTMP_015706,MCINXTMP_013226,MCINXTMP_013649,MCINXTMP_011911,MCINXTMP_008839,MCINXTMP_002957,MCINXTMP_005765,MCINXTMP_005882,MCINXTMP_008560,MCINXTMP_001012,MCINXTMP_003068,MCINXTMP_011662,MCINXTMP_005526,MCINXTMP_013320,MCINXTMP_000554,MCINXTMP_011576,MCINXTMP_013272,MCINXTMP_001679,MCINXTMP_007636,MCINXTMP_003690,MCINXTMP_003458,MCINXTMP_002038,MCINXTMP_007341,MCINXTMP_011939,MCINXTMP_005553,MCINXTMP_010227,MCINXTMP_007822,MCINXTMP_012643,MCINXTMP_008817,MCINXTMP_009372,MCINXTMP_012093,MCINXTMP_000102,MCINXTMP_011030,MCINXTMP_001818,MCINXTMP_014090,MCINXTMP_008457,MCINXTMP_007672,MCINXTMP_004099,MCINXTMP_007295,MCINXTMP_000022,MCINXTMP_015213,MCINXTMP_003108,MCINXTMP_010509,MCINXTMP_013625,MCINXTMP_005845,MCINXTMP_009277,MCINXTMP_012616,MCINXTMP_000503,MCINXTMP_011176,MCINXTMP_001509
AF11_104,Flight1h,Female,AL,11.548,18.531,0.806,1.88,15.04,45.925,2.686,109.308,0.537,26.857,14.503,76.274,2.417,10.743,82.451,11.548,128.108,3.491,5.64,0,5.909,14.234,0.537,6.177,1.074,8.057,0.806,30.348,4.297,13.16,1.074,67.948,2.149,1.611,2.149,11.548,800.873,18.8,20.948,782.342,3367.052,6.177,52.64,12.891,5.371,4.297,20.143,0.537,1.074,1.611
AF11_10770,Flight20h,Female,AL,6.879,17.335,0.55,0,29.166,20.361,3.577,149.958,0.825,87.774,14.308,19.261,3.577,7.704,41.823,4.953,86.673,0.55,3.577,0.825,12.107,13.207,2.476,1.926,2.201,20.912,0.825,25.314,5.228,179.675,0.275,211.042,4.402,0,3.302,4.127,542.327,30.267,33.569,418.508,713.472,5.228,27.515,17.059,18.986,4.402,64.386,2.752,1.926,1.651
AF11_13001,Control1h,Female,AL,6.363,43.326,1.818,0,8.029,46.356,5.151,56.96,1.969,24.693,11.513,65.14,0.151,6.514,38.024,14.694,55.142,9.241,14.391,0,4.545,20.3,0.303,4.696,0,36.963,1.969,11.059,4.09,19.542,7.574,49.234,6.514,0.303,2.121,19.239,883.938,39.993,11.059,281.466,1380.064,17.573,12.119,8.938,18.936,13.028,26.359,9.998,0.303,6.968
AF11_16376,Flight20h,Female,AL,6.687,7.489,4.012,17.386,12.571,34.505,2.14,133.472,4.547,51.088,6.954,61.52,1.07,10.164,29.958,0,155.137,5.082,10.699,0,0.802,4.547,0.267,4.012,0.267,21.131,8.827,16.584,5.082,39.319,2.407,148.985,0,0.267,2.14,18.189,218.262,19.258,54.566,314.02,1354.778,3.745,70.614,23.806,6.419,2.14,62.055,1.07,4.815,1.605
AF11_16875,Flight1h,Female,AL,12.419,7.066,3.854,1.285,23.126,31.263,2.141,137.684,0.642,19.271,15.845,46.037,0.857,7.066,19.486,0,190.145,12.205,11.135,6.21,7.494,11.991,0.857,8.351,7.494,4.283,1.927,15.417,12.848,10.492,6.638,109.633,0.857,1.499,12.205,9.207,336.179,13.276,20.128,550.092,1400.604,6.638,43.04,12.848,15.203,2.784,7.923,5.139,2.998,1.285
AF11_1884,Control20h,Female,AL,6.211,29.761,2.847,6.987,33.125,33.642,1.553,110.761,1.812,42.7,16.304,46.841,2.329,5.176,17.856,1.035,42.441,4.399,5.693,0.259,8.281,12.422,1.553,4.141,8.799,18.891,5.176,24.585,0.518,35.195,3.105,58.745,1.035,1.553,2.329,22.773,562.604,26.655,29.502,1147.205,622.384,15.786,21.997,4.141,11.904,1.035,29.243,0,3.623,0.518
AF11_1890,Control1h,Female,AL,16.627,31.456,1.797,17.076,28.535,36.848,1.573,45.611,2.472,22.468,28.085,75.943,1.573,6.516,56.62,14.38,65.383,9.212,5.168,0.449,5.842,16.851,3.146,6.291,5.842,11.009,1.348,25.838,0.225,33.478,0.449,40.218,1.797,2.472,2.022,17.525,770.212,17.301,19.772,438.131,2900.652,11.234,62.911,31.006,14.38,6.516,37.297,0.449,0.225,2.921
AF11_19682,Flight20h,Female,AL,8.732,12.613,1.698,0,7.277,55.787,1.213,118.122,0.243,29.106,8.732,103.084,1.213,4.851,86.105,0,170.271,2.668,24.983,1.94,11.885,15.038,0.485,6.306,5.821,17.949,4.608,7.762,1.455,33.229,0.97,190.887,0.97,0.485,1.213,18.434,538.462,28.378,38.808,461.331,2235.346,8.974,55.059,30.319,5.579,6.306,11.642,1.698,10.187,3.638
AF11_19683,Flight1h,Female,AL,5.498,16.016,0.239,1.195,28.446,41.115,0.956,106.373,2.39,12.43,14.82,69.8,7.171,7.41,36.812,0,266.529,12.669,11.713,1.434,4.542,16.016,0.478,8.605,1.195,3.108,2.868,11.952,1.912,18.406,4.064,141.272,2.868,5.259,5.02,6.693,538.796,32.987,13.386,508.437,1221.015,8.605,66.453,21.514,8.127,5.737,20.079,2.151,4.303,0.956
AF11_3009,Control20h,Female,AL,18.3,42.118,4.844,56.65,20.05,55.305,2.557,66.877,3.633,41.848,18.435,63.109,3.364,11.303,8.074,15.34,99.171,6.055,9.958,1.346,3.364,10.361,4.844,9.823,14.936,16.82,2.691,22.741,0.942,18.839,9.016,71.99,1.48,2.422,0.942,5.652,709.809,34.044,29.873,476.346,1775.666,7.401,29.469,9.688,10.361,6.997,54.228,3.229,5.382,2.018
AF11_3228,Flight20h,Female,AL,1.161,9.869,0.29,0,12.771,42.668,3.483,272.26,2.903,58.051,12.481,68.791,7.256,3.773,43.248,8.998,148.901,2.032,13.061,0,0,9.288,1.161,2.612,0,5.515,0.871,28.735,0.29,6.095,0.581,59.212,0.581,0,7.547,19.157,444.381,66.468,7.256,675.424,1917.427,1.451,36.282,11.9,6.095,4.064,50.214,3.483,0.581,12.771
AF11_3372,Flight20h,Female,AL,9.809,54.048,0.2,1.201,25.623,52.846,3.603,104.692,2.202,72.464,14.413,21.018,4.204,3.203,33.229,0,82.272,4.404,1.201,0,6.005,9.208,0.801,7.807,17.215,20.018,0.4,27.224,0.2,97.085,2.602,69.461,0.801,1.802,2.402,7.206,741.052,43.038,35.031,202.778,763.872,6.205,52.046,10.409,17.816,8.608,102.29,4.404,2.402,2.402
AF11_4728,Flight20h,Female,AL,7.62,8.89,2.286,6.604,19.304,43.688,1.27,190.248,2.032,71.121,15.24,19.558,2.286,1.016,32.258,0,53.849,6.35,4.064,0,6.858,4.064,0,1.778,1.016,13.208,0,6.096,8.382,81.789,1.524,131.065,0.762,0,2.794,11.684,579.379,39.878,48.768,1104.91,2084.852,7.112,32.004,19.304,11.938,8.128,74.169,1.27,1.778,0
AF11_5917,Control1h,Female,AL,12.651,55.092,2.04,14.691,20.812,49.378,1.02,124.874,2.653,27.546,17.956,68.762,1.428,8.57,98.553,0,36.116,4.285,3.265,0.408,20.2,10.202,4.897,4.489,0,22.241,1.836,13.875,21.629,28.974,0.612,36.524,2.449,2.04,2.449,15.099,1404.63,29.79,15.507,536.632,1477.269,14.487,26.322,12.039,6.325,12.651,47.542,3.061,2.04,1.632
AF11_658,Flight20h,Female,AL,5.494,5.906,0,2.06,31.59,51.643,5.219,244.07,2.06,101.501,22.388,26.783,1.648,4.945,18.68,0,42.304,4.395,2.61,0,5.357,6.593,1.099,9.477,0.275,27.745,0.549,41.342,0.137,132.817,3.296,77.19,1.648,1.648,1.236,6.593,198.47,45.051,34.612,379.222,844.012,23.761,42.716,12.911,9.477,14.834,99.853,9.34,2.61,0.549
AF11_6979,Control20h,Female,AL,1.471,15.696,6.131,4.414,20.356,47.088,5.641,146.168,6.376,24.525,15.696,66.953,5.395,0.736,26.732,0,283.016,4.169,14.224,5.641,16.677,9.565,0.245,2.452,0,12.508,1.226,7.357,0,36.787,1.962,48.069,0.736,0,5.15,19.865,854.198,59.105,17.413,500.796,742.856,8.584,14.224,10.055,23.299,2.452,7.112,0.245,0.49,0.736
AF11_7361,Flight20h,Female,AL,4.735,15.153,2.029,9.335,11.636,40.995,1.218,83.614,5.547,46.677,9.065,49.113,9.877,7.306,17.183,4.465,96.196,8.794,4.465,1.488,7.035,9.065,2.706,5.682,0,20.43,4.059,6.63,1.894,76.172,2.435,124.203,0.947,1.624,4.465,10.824,301.577,69.272,10.147,394.12,477.869,12.177,49.113,28.277,9.877,9.335,10.553,4.871,1.218,3.653
AF11_7658,Control1h,Female,AL,5.666,19.83,1.416,3.541,33.641,15.935,1.771,127.834,20.538,26.912,25.142,175.639,3.187,0.708,36.828,8.499,153.684,1.416,3.541,0,14.519,22.309,1.062,2.833,6.02,8.853,0,23.371,2.479,10.623,4.958,52.054,4.249,0,0.708,24.788,955.391,47.451,24.788,659.354,595.969,2.833,47.805,21.601,14.164,7.79,16.289,0,5.666,0.354
AF11_827,Flight1h,Female,AL,16.473,46.023,2.547,3.906,10.699,49.929,4.585,112.596,2.717,31.588,24.625,71.328,2.887,3.566,57.572,7.812,143.674,6.963,2.717,3.397,0.679,13.926,0.509,2.547,8.152,23.776,6.623,41.268,7.472,23.946,3.566,84.574,0.34,4.755,0.509,11.378,1210.191,28.701,33.286,147.24,1760.093,6.284,76.253,18.172,20.04,8.491,86.442,0.34,3.736,0.509
AF11_8387,Flight1h,Female,AL,8.516,19.16,3.726,0,20.225,39.385,0.532,85.69,1.064,26.08,13.306,72.916,2.661,0.532,20.225,0,191.605,4.258,5.322,0,1.597,2.661,2.661,4.79,2.129,11.709,2.129,25.015,1.064,14.903,0,153.816,2.129,1.064,1.064,17.564,700.422,19.16,34.595,367.775,702.019,3.726,15.435,11.709,0.532,10.645,28.741,1.064,3.193,0
AF11_8757,Flight1h,Female,AL,6.766,28.602,3.691,11.687,14.147,38.136,1.845,153.469,1.23,19.376,12.302,148.855,3.076,3.691,15.685,28.295,271.876,17.53,13.84,0.615,12.61,8.304,1.845,3.998,0,21.529,3.383,10.764,3.691,28.602,1.845,75.35,8.304,3.383,8.611,25.219,1085.66,43.98,21.836,503.156,1155.782,11.687,44.595,11.687,7.074,5.228,13.225,0.615,1.23,0.308
AF11_8940,Flight1h,Female,AL,11.849,13.645,1.795,6.822,17.595,28.367,2.873,101.977,2.154,17.236,12.568,52.066,5.745,1.436,45.961,0,220.471,5.027,12.208,0,2.514,8.259,0,5.386,5.386,9.336,6.822,20.108,12.927,17.954,1.077,42.371,1.436,1.436,5.745,9.695,580.981,14.722,27.649,220.83,1278.301,3.591,80.791,33.753,10.413,6.463,7.9,0.718,0,0
AF11_9052,Control20h,Female,AL,6.264,42.657,2.983,30.427,15.81,40.868,3.281,49.22,4.176,41.464,25.952,40.569,12.529,2.685,14.617,14.617,49.22,8.949,5.369,0,15.512,15.213,2.088,4.773,0,7.756,2.983,9.546,11.037,52.8,0,56.678,0,0.298,0.298,7.756,963.221,24.759,37.586,526.505,855.533,21.18,21.776,10.142,6.861,6.563,25.057,0.298,8.651,1.193
AF11_9102,Flight20h,Female,AL,8.804,24.306,0.766,3.828,12.823,45.166,0.957,213.583,3.062,64.113,14.162,14.545,0.574,3.445,54.544,0,75.213,3.254,4.402,0.191,4.402,8.229,0.766,4.21,11.1,31.578,0.957,20.861,0,55.692,2.105,63.922,0.574,0.191,0.766,8.229,293.581,48.611,52.056,867.346,1513.263,7.081,20.478,14.736,8.229,9.761,77.701,0.191,1.531,1.34
AF11_948,Flight20h,Female,AL,19.878,21.107,1.025,0.82,41.6,41.19,4.713,128.898,6.967,38.936,21.517,33.608,0.205,5.943,30.534,0.41,118.447,5.328,7.377,2.459,10.451,12.5,0.41,4.303,7.787,18.033,1.639,12.705,0.205,54.92,4.099,32.378,3.074,5.328,3.484,14.345,648.179,28.69,13.935,228.082,614.162,4.099,60.248,7.787,28.485,6.763,19.058,3.689,0.41,1.639
AF11_11245,Flight20h,Male,AL,4.548,32.015,2.547,2.729,35.107,29.468,4.911,99.318,3.456,70.032,16.917,173.533,6.185,5.275,23.283,9.277,35.107,1.819,2.91,3.092,5.821,9.823,2.547,4.911,1.455,42.747,2.729,14.916,0.91,74.943,4.366,148.977,2.001,1.273,0.91,22.374,352.342,19.463,19.645,109.504,522.237,5.457,27.649,20.555,15.825,3.456,86.221,0.728,2.001,0.364
AF11_12747,Flight20h,Male,AL,0.904,4.748,0,0.904,11.984,75.522,0,169.133,1.583,28.038,4.748,49.519,2.713,15.15,11.306,0,135.442,1.131,20.124,0,18.089,11.758,0,14.697,0.904,16.28,1.583,29.847,0.226,15.15,12.436,144.938,4.07,7.688,1.809,35.048,1606.533,27.36,24.646,203.502,1178.049,29.395,15.15,18.089,1.583,1.809,63.312,4.296,0.678,0
AF11_12984,Flight1h,Male,AL,1.49,18.124,2.979,13.655,5.214,21.849,0.497,83.919,1.738,33.518,15.89,12.166,1.986,2.483,100.553,8.69,378.875,4.966,21.6,0,2.483,6.455,0.248,2.483,17.876,21.6,2.235,9.435,1.241,1.986,2.979,126.871,6.455,0,12.662,25.076,1402.286,26.069,32.525,114.209,649.004,1.241,25.325,7.697,21.6,6.455,40.221,0,0,0
AF11_1342,Control1h,Male,AL,12.08,8.404,3.939,6.303,13.918,18.383,1.05,103.994,2.364,17.07,12.343,9.717,2.626,2.101,98.217,6.04,84.036,4.99,8.141,0.788,12.343,17.332,2.889,10.504,4.99,22.059,8.929,25.211,2.364,10.767,5.777,143.124,4.99,0.525,3.677,16.545,1057.014,43.594,18.645,256.572,723.497,12.605,25.999,7.878,21.534,11.292,42.281,1.313,1.576,1.05
AF11_13957,Flight20h,Male,AL,3.142,9.688,3.142,1.571,18.852,32.468,2.095,266.552,2.618,35.872,13.616,178.836,4.713,3.142,75.41,0,107.092,1.047,6.284,0,7.331,7.331,3.404,1.309,3.666,39.799,2.357,29.588,3.142,37.181,1.047,125.683,4.189,2.357,3.404,20.162,604.586,26.708,24.351,97.928,1660.058,7.593,27.231,6.284,8.903,2.618,44.251,1.047,1.047,0
AF11_16018,Control20h,Male,AL,20.202,15.558,6.27,1.393,35.992,31.812,4.18,94.275,3.251,19.737,16.951,85.916,3.483,9.753,93.579,3.251,73.609,6.966,4.644,2.554,4.412,6.966,0.464,1.858,9.985,14.861,3.019,19.273,2.322,26.704,5.109,167.42,2.09,6.037,4.18,5.805,726.802,22.524,32.509,313.477,1044.69,5.341,42.494,21.595,35.992,5.109,25.31,3.251,1.858,0.464
AF11_16113,Flight1h,Male,AL,8.958,20.903,7.058,2.715,10.587,29.59,5.158,140.076,5.158,18.46,14.659,100.713,5.701,9.501,63.523,11.402,158.807,0.814,16.288,0.814,8.415,19.003,2.443,3.258,6.244,18.188,0.543,7.601,8.687,12.759,1.9,39.091,2.443,0.543,0.271,22.803,2418.752,51.307,31.761,57.551,1488.713,7.058,9.501,10.316,7.33,1.086,44.52,0,0,0
AF11_16146,Flight1h,Male,AL,11.395,5.242,4.558,4.786,21.195,29.171,1.595,189.157,6.837,24.613,11.167,156.339,1.823,14.13,128.08,0,107.797,1.823,7.065,0,10.028,15.953,3.191,5.698,1.823,27.12,2.735,12.307,0,9.572,3.646,121.243,2.279,9.344,2.051,8.66,1090.046,24.385,43.301,96.402,748.424,9.572,40.11,14.358,23.702,6.609,67.003,0.912,3.646,2.051
AF11_17767,Flight1h,Male,AL,2.271,17.596,3.406,2.271,29.327,24.219,1.703,330.549,1.324,15.515,18.732,14.38,2.46,3.784,85.333,3.595,224.592,8.893,13.812,2.081,9.839,8.893,0.757,3.027,3.406,28.381,3.217,17.786,4.73,10.596,1.892,131.122,1.514,1.135,1.514,17.975,857.308,23.084,83.063,110.688,1004.703,18.543,21.57,16.461,17.975,3.595,73.035,0,0.568,0
AF11_1888,Flight20h,Male,AL,8.238,14.951,3.661,0,18.002,36.309,1.831,174.528,0,42.717,20.138,223.348,0.915,13.73,33.563,0,110.148,1.526,3.967,0.915,8.238,13.12,1.22,1.526,9.764,43.327,1.831,17.697,3.661,31.427,0.915,108.623,2.441,0.305,2.136,18.917,1749.556,50.345,25.63,149.814,2006.162,5.797,56.142,5.797,6.713,0.61,28.681,2.441,0,1.831
AF11_3227,Flight1h,Male,AL,11.467,5.856,2.684,0.732,12.931,33.426,3.172,151.029,3.416,28.059,14.151,37.33,1.464,3.904,158.105,4.88,228.862,2.196,2.684,0.244,4.148,7.076,1.952,6.588,0.488,25.375,0.976,13.907,0.244,13.663,0,85.64,2.928,1.464,0,21.227,943.261,28.059,36.598,242.525,1082.335,4.636,25.863,9.272,16.103,3.172,91.252,1.464,1.952,0.244
AF11_5171,Flight1h,Male,AL,1.266,32.279,0.316,4.114,8.861,30.697,4.747,106.332,0.633,21.52,7.912,371.213,4.747,4.747,79.749,0,210.766,11.709,13.924,0,4.431,15.507,4.431,10.443,0,18.038,1.899,10.127,6.646,7.912,0,88.294,5.696,1.582,0.949,21.836,1263.644,38.925,25.95,34.495,2043.413,11.076,5.696,4.431,15.19,5.696,47.786,0,0,2.215
AF11_5308,Control1h,Male,AL,0.568,4.264,4.264,0.853,9.38,54.289,0,162.583,4.548,20.465,28.424,24.16,4.264,1.99,63.669,0,52.868,2.842,0.853,0.284,11.654,23.876,0,4.832,0,21.886,0.568,28.424,7.106,13.643,0,165.994,6.822,0,8.243,14.78,1039.167,48.32,19.897,114.831,1049.4,0,18.475,6.253,6.253,0.853,36.098,0,0,0
AF11_6874,Control20h,Male,AL,10.622,14.445,3.399,1.912,21.031,27.616,2.549,74.988,3.611,36.326,17.419,71.377,0.85,5.098,59.268,0,52.045,9.347,4.673,0,9.772,10.834,3.186,4.673,8.072,23.367,2.974,9.347,6.16,24.642,0,149.551,5.098,3.611,3.611,16.782,1139.689,23.792,31.227,348.598,1273.732,13.596,20.393,16.145,26.766,9.135,65.853,0,0.85,2.549
AF11_7345,Flight20h,Male,AL,6.078,14.689,2.364,31.066,14.689,50.821,1.52,153.812,0,45.755,16.04,70.068,0.507,1.351,64.159,1.688,194.503,5.403,8.611,2.701,1.688,4.896,0,10.806,0,43.729,0,23.806,3.377,36.638,0,80.367,5.403,2.533,1.688,23.3,891.977,30.053,31.573,124.097,1095.597,30.222,7.598,9.962,12.832,4.221,36.469,8.442,0,0.507
PT11_101_4,Flight20h,Female,PT,1.933,10.956,1.289,0.644,39.313,29.002,0.644,134.697,0.644,17.723,18.69,356.076,2.578,8.378,157.898,0.644,78.305,0,16.434,3.222,5.8,5.478,4.511,2.578,5.8,17.723,9.345,0.644,0,58.326,5.8,177.877,2.256,0,1.933,8.701,1513.244,50.27,19.979,70.571,933.533,15.145,41.247,3.867,5.8,2.256,11.278,0,0.322,0.644
PT11_102_5,Flight20h,Female,PT,13.936,8.001,0,1.032,67.618,56.262,1.548,240.275,4.129,22.969,13.162,64.004,2.323,6.452,483.131,0,86.2,2.065,11.614,0,3.355,14.969,1.807,3.355,0.774,23.227,0.774,1.807,0,128.267,2.581,188.658,1.548,0,3.097,6.452,592.041,61.682,25.034,164.141,829.994,16.517,57.552,32.518,8.517,5.678,21.679,3.871,4.904,4.129
PT11_103_5,Flight1h,Female,PT,0.332,22.893,2.322,0,33.842,58.394,4.313,449.899,3.981,37.16,35.169,285.998,3.981,0.995,1.327,0,84.937,0.332,5.972,9.29,11.612,14.598,0,0.664,0,13.935,2.986,0.664,0,77.969,0,102.189,6.967,0.664,1.327,20.239,614.796,41.473,18.248,21.898,869.274,17.253,93.563,12.608,9.29,0,23.225,0,1.991,0
PT11_106_1,Flight1h,Female,PT,16.694,0.428,3.424,0,38.953,47.086,5.565,91.175,0,40.879,14.982,251.266,1.712,10.059,380.323,0,51.152,1.712,7.491,3.638,2.996,20.974,4.709,9.631,0.856,22.473,6.635,1.07,0.428,42.377,6.421,107.655,2.568,0,1.498,21.403,940.213,46.658,26.539,47.3,1226.579,8.561,58.215,19.904,2.14,9.417,43.233,0,8.989,2.354
PT11_107_3,Control20h,Female,PT,13.019,1.395,0.93,0,50.448,88.807,19.296,99.501,1.395,37.197,27.433,229.457,2.557,1.86,20.458,0,55.795,2.092,6.277,0.465,2.557,16.971,0.697,6.277,0.465,33.477,3.952,1.395,0.465,62.304,11.159,79.973,2.557,0.232,1.86,19.993,655.823,53.47,59.515,77.183,1252.132,10.229,32.315,35.104,12.321,4.185,95.549,0.232,1.627,0.465
PT11_109_4,Control20h,Female,PT,2.759,18.852,1.379,0.92,27.358,63.452,3.908,139.319,10.116,66.901,21.84,331.285,2.529,1.149,82.764,0,63.682,2.989,14.024,5.518,8.506,11.495,0,3.908,0,31.036,11.265,0.23,0.92,28.737,3.908,53.107,4.828,0,2.069,20.231,687.858,62.303,37.703,35.634,1465.607,10.116,23.45,5.288,1.839,10.575,92.19,0,1.379,0.46
PT11_111_3,Control1h,Female,PT,11.63,30.418,2.982,7.157,36.68,45.627,4.175,116.005,3.877,32.505,31.312,161.631,2.684,0,491.455,0.895,57.257,1.491,28.628,3.877,4.175,14.314,3.579,2.982,0,15.507,10.139,0.895,0.596,43.837,10.437,72.764,2.684,0,0.895,21.77,771.477,60.239,33.698,49.802,1006.469,8.648,31.014,33.102,9.245,11.034,72.168,0,2.386,0.596
PT11_115_1,Control20h,Female,PT,6.883,0,3.786,0.688,14.11,47.837,0.688,315.246,0.688,38.201,15.487,366.525,0,0,139.383,0,189.285,0.344,10.669,18.24,1.032,15.831,3.097,0.688,0,42.331,1.377,4.818,0,43.708,6.195,99.805,4.818,0,2.409,23.747,995.295,55.753,43.363,139.727,867.614,6.195,7.916,7.571,6.539,0.688,47.837,0,0.344,0
PT11_117_4,Flight20h,Female,PT,5.585,7.527,3.157,12.627,69.204,46.136,4.128,147.634,1.943,24.525,12.141,211.739,1.7,1.7,4.128,0,84.016,2.428,4.614,0.486,5.099,8.984,1.7,0.971,4.371,24.768,3.885,0,0,121.41,0,106.841,3.885,0,2.671,8.742,781.88,42.493,16.755,79.402,650.029,7.527,42.251,7.527,5.828,0.728,16.269,4.856,2.185,2.185
PT11_120_3,Flight20h,Female,PT,4.524,6.463,1.939,0.646,39.427,35.872,8.402,255.63,6.14,33.933,3.555,283.423,4.524,1.293,110.525,0,100.184,1.293,14.866,0,0.323,5.817,3.878,2.909,0,12.281,0.323,0.97,0.646,104.385,0.646,206.184,2.585,0,4.201,8.079,691.59,76.915,26.5,61.403,641.175,4.524,42.012,17.128,5.817,0,9.372,0.646,0.97,0.323
PT11_125_4,Flight1h,Female,PT,5.84,13.216,3.381,25.203,29.506,37.805,5.84,192.406,4.61,19.056,12.294,89.441,3.381,7.069,402.945,0,201.626,2.152,14.446,10.758,2.766,29.199,3.074,1.537,0,18.441,1.537,1.229,0.615,38.112,3.996,269.86,2.766,1.229,4.918,15.368,1535.864,57.168,64.238,114.03,738.887,3.688,44.874,23.052,7.991,0.307,21.515,0,0.307,0
PT11_127_2,Flight20h,Female,PT,1.874,3.747,5.386,14.989,31.382,25.527,4.216,238.879,1.405,85.716,0.703,198.129,0.703,3.513,6.323,0,74.943,4.918,0.468,0,1.639,26.932,4.216,1.405,1.405,30.445,0,0.234,0,142.157,2.81,160.892,3.045,0,7.494,3.981,683.616,51.991,10.305,57.144,471.904,11.476,51.055,0.937,11.944,8.431,154.101,0,3.747,0
PT11_132_2,Control20h,Female,PT,3.433,0.245,1.226,0,23.052,89.019,2.452,132.425,2.943,34.823,19.619,183.188,1.717,0,159.891,0,137.82,1.717,19.373,1.226,0.736,15.695,0.981,7.357,0,20.599,3.433,0.736,0,33.597,4.169,61.798,2.943,0,2.698,23.787,615.532,57.384,66.703,55.422,1356.378,12.507,20.599,17.166,2.452,6.376,74.796,0.245,0.49,2.452
PT11_146_5,Flight20h,Female,PT,7.776,4.083,1.75,17.691,40.437,56.184,1.555,129.088,4.083,31.3,19.441,210.156,3.305,2.333,247.094,0,112.174,0.389,10.109,0.389,3.305,7.193,0.972,3.499,1.555,20.802,7.193,1.944,0.583,31.883,7.971,154.555,3.111,0,3.694,11.276,1880.716,35.771,39.465,58.323,1105.217,9.72,25.662,17.108,7.971,6.804,46.658,0.389,2.527,1.361
PT11_148_3,Flight1h,Female,PT,9.869,4.729,1.645,1.645,31.459,71.553,2.673,104.451,2.673,40.506,19.533,352.83,3.084,3.084,203.556,0,52.02,3.084,14.187,1.439,6.991,19.739,1.439,5.963,0.411,22.617,3.701,0.822,0.411,56.954,1.645,56.749,1.234,0,2.467,21.384,629.172,38.449,21.795,24.673,1138.678,8.019,22.412,19.533,7.196,5.14,68.263,1.234,3.701,1.234
PT11_151_1,Control1h,Female,PT,3.061,56.46,2.381,3.401,17.006,41.835,0.34,113.601,4.422,41.495,11.904,141.151,0.68,0.68,135.029,0.34,61.222,0.68,20.748,5.782,12.244,6.802,2.041,7.483,0,21.088,3.401,0.68,0.68,21.428,0.68,40.135,2.721,1.02,0.34,23.469,1064.926,46.597,31.972,9.864,1091.796,7.483,34.693,10.884,7.143,8.843,88.432,2.041,0,0
PT11_16_4,Flight1h,Female,PT,7.173,0.478,5.26,3.826,26.779,28.692,3.347,95.162,5.26,33.952,16.737,221.886,2.391,1.913,164.024,0,70.774,7.173,2.869,4.782,4.304,16.737,4.782,3.826,1.913,21.519,4.304,0.956,0,66.948,10.52,260.621,2.869,1.435,2.869,10.52,959.276,55.95,38.256,324.7,1032.92,9.564,19.606,9.564,2.869,2.391,23.91,1.913,0,2.391
PT11_18_2,Control1h,Female,PT,8.449,0.685,3.654,4.11,27.63,54.119,2.969,108.237,0.457,34.024,15.984,81.749,6.394,1.827,290.688,0.913,75.355,0.913,10.047,0.913,5.937,3.882,2.283,3.882,0,40.189,2.969,0.457,0.457,49.095,1.37,79.465,1.37,0.457,4.339,17.126,888.047,60.741,46.811,113.261,748.755,7.079,30.142,48.41,4.11,12.102,57.544,0.228,4.11,2.74
PT11_25_4,Control1h,Female,PT,5.046,13.035,0.42,17.66,67.696,51.718,0.42,148.427,6.728,51.298,15.137,176.179,7.989,6.307,522.228,0,95.448,10.932,6.307,1.261,0,4.625,6.307,6.728,0,14.717,3.364,0,0.42,119.835,34.899,148.427,2.943,0,2.102,10.091,694.202,51.298,27.751,54.662,545.355,10.932,44.991,64.753,1.682,8.83,20.603,0.42,11.773,3.784
PT11_41_4,Flight1h,Female,PT,16.587,2.073,1.382,53.217,20.043,39.394,3.456,252.952,1.037,28.682,3.456,255.025,0,10.021,8.639,0,221.506,1.382,10.712,1.037,5.529,8.294,20.734,3.11,0,36.284,7.948,0.346,0,15.205,0.691,273.686,2.073,0,1.382,5.183,1714.682,71.186,34.556,254.334,1292.75,20.043,7.602,2.073,13.477,1.728,14.168,0.346,2.765,0
PT11_49_5,Flight20h,Female,PT,2.522,28.25,0,4.036,22.701,43.385,3.531,139.234,3.027,9.585,23.206,158.404,0.504,1.009,20.179,0,249.209,0.504,13.116,1.009,7.063,10.089,3.531,0.504,0,30.268,4.036,0.504,0.504,14.63,3.027,167.485,2.522,1.009,0.504,19.674,1350.47,76.68,20.683,121.578,709.287,5.549,19.17,12.107,4.54,2.522,15.134,0,0,0.504
PT11_51_4,Control20h,Female,PT,12.846,5.566,3.211,0.428,36.396,143.229,5.781,157.145,2.997,34.255,22.48,191.4,1.499,3.64,18.412,0,127.814,1.499,8.992,2.141,3.426,17.342,2.141,10.705,0.428,23.336,2.569,1.285,1.713,29.545,26.976,40.25,1.713,0,0.214,8.35,703.512,31.686,92.489,67.654,1401.03,11.775,26.119,25.263,16.271,8.136,70.651,0,3.854,0.856
PT11_54_5,Flight1h,Female,PT,6.599,8.398,2.1,2.999,30.894,41.092,7.199,140.073,5.999,24.295,15.297,126.576,0,5.399,856.935,0.6,61.488,2.4,11.998,1.2,2.1,19.496,0.3,5.999,1.5,22.496,14.397,2.699,0.9,54.889,2.999,112.778,0.9,0,2.699,16.797,696.466,36.293,21.296,124.476,949.618,8.398,24.595,18.596,3.599,2.999,31.494,5.699,0.9,1.5
PT11_68_1,Flight1h,Female,PT,10.483,2.382,1.429,1.191,34.069,71.711,19.298,133.655,2.382,33.116,15.724,153.429,2.621,2.621,27.875,0.238,136.752,1.429,12.15,0.476,2.144,16.677,0.238,4.288,2.382,20.727,2.382,1.668,0.476,36.69,0.238,69.805,0.715,0,1.668,16.915,879.835,43.599,61.705,64.564,1601.714,7.624,25.73,33.354,8.577,9.292,87.436,0,2.859,1.191
PT11_76_5,Flight1h,Female,PT,12.532,6.893,12.846,0,33.837,39.79,5.326,106.838,3.446,32.584,25.065,131.903,0.313,15.979,136.915,0,159.474,0,10.026,2.82,16.292,13.159,6.579,1.88,1.253,18.172,0.627,1.567,3.446,30.704,5.64,201.77,0.94,0,1.253,6.579,1324.038,47.623,70.181,85.533,838.098,2.506,22.245,14.412,1.253,2.506,35.717,0,3.76,4.7
PT11_88_5,Flight1h,Female,PT,4.45,8.604,3.263,0.593,27.591,28.481,1.187,221.621,5.637,26.108,9.494,47.766,15.724,9.79,305.878,1.187,283.924,0.297,4.45,5.637,5.637,6.527,2.967,3.857,0.593,4.154,6.824,0.297,0.297,44.502,2.373,323.383,7.714,0.297,5.34,7.417,898.054,75.06,89.301,408.234,871.946,9.197,29.965,3.857,4.45,2.967,33.525,0.89,1.78,0.593
PT11_90_1,Flight20h,Female,PT,5.233,0,2.818,7.246,53.945,52.737,3.221,264.09,0.805,38.647,18.921,365.539,1.61,3.623,322.866,0,75.282,3.221,20.531,2.415,3.221,10.467,5.233,4.831,0.805,12.882,7.246,0.805,0,78.1,2.818,245.974,0.403,0,0.805,9.259,625.603,49.517,35.427,144.525,1138.081,10.064,41.063,13.285,8.052,6.039,31.803,2.818,9.662,1.208
PT11_94_4,Flight20h,Female,PT,13.211,5.457,2.872,0.574,40.496,39.921,2.872,475.608,2.01,41.07,13.786,199.319,1.723,2.01,117.179,0,58.589,1.436,2.585,14.647,3.159,22.402,5.744,3.734,2.585,40.208,3.446,0.862,0,93.915,1.723,292.947,1.149,0,1.436,13.211,1295.286,69.503,41.932,76.97,1696.795,11.201,15.222,18.955,9.478,1.149,71.226,0.862,2.298,0.574
PT11_119_2,Flight20h,Male,PT,8.42,3.886,1.295,0.432,29.794,52.247,10.363,261.449,5.181,33.032,31.737,198.84,0,1.295,697.774,0,81.824,2.807,5.829,1.079,6.909,11.658,4.318,2.591,0.432,39.725,5.613,0.864,0,61.098,0.648,216.327,4.318,0,1.295,8.852,1168.858,25.044,56.133,151.559,589.395,5.829,23.749,28.066,10.147,9.715,31.737,0,3.023,0
PT11_123_5,Flight1h,Male,PT,4.783,2.87,4.544,3.587,22.242,36.592,4.305,136.801,1.435,12.915,19.611,215.964,1.435,3.109,27.025,0,82.272,3.827,28.46,9.327,7.175,9.567,5.262,3.827,0,32.048,1.435,0.239,0.478,29.895,0,90.643,7.653,0,1.913,16.502,1185.293,39.462,35.396,29.417,1039.403,2.392,27.504,24.395,7.892,13.154,55.008,0,0,0
PT11_136_3,Control1h,Male,PT,13.303,7.256,1.612,0.806,23.381,24.59,4.837,167.292,9.272,33.458,14.915,222.518,1.209,0.403,466.401,0,126.174,2.822,13.706,0.806,8.062,10.884,0.806,1.209,0.806,25.396,5.644,0.403,0.403,19.752,0,108.437,4.031,0,2.016,9.675,1817.633,42.327,56.033,51.195,805.015,14.512,12.496,24.993,12.9,2.016,29.024,0,3.225,0.806
PT11_147_3,Flight1h,Male,PT,3.617,11.063,3.404,8.51,26.594,48.295,4.468,214.667,2.128,21.275,17.658,240.836,1.489,1.915,269.132,0,146.161,5.106,8.936,18.297,6.383,15.105,0,4.042,0.851,30.211,0,0.851,0.638,13.829,4.042,165.308,4.042,0.213,0.426,9.361,1195.029,40.21,57.869,20.211,1216.092,12.552,28.083,19.786,2.979,4.255,63.4,0.426,0,0.213
PT11_15_3,Flight20h,Male,PT,1.836,4.896,1.836,6.12,28.456,41.919,2.448,159.416,1.224,48.957,18.971,290.375,0.306,0.306,64.562,0,94.242,2.448,7.038,6.12,2.142,9.179,0.918,0.612,1.836,25.702,9.485,0,0.918,37.024,0,78.637,6.12,0,0.918,12.545,1028.706,33.352,26.926,67.622,880.917,1.836,20.807,28.15,2.448,3.672,70.681,0,0.306,0
PT11_159_2,Flight20h,Male,PT,9.453,45.493,4.53,1.182,38.6,39.585,4.727,262.913,1.969,28.359,30.132,147.113,1.576,5.711,336.568,0,84.684,2.954,6.105,2.757,0.394,19.694,2.757,1.772,0.394,69.125,0.788,0.985,0.197,58.294,8.468,178.032,2.363,0,0.591,10.832,744.23,61.445,69.716,34.464,861.212,7.09,52.976,19.497,4.136,1.969,81.926,0.197,3.742,0.197
PT11_26_3,Control1h,Male,PT,4.043,3.369,3.032,1.348,31.332,25.605,0.674,192.708,4.717,28.3,2.695,398.219,4.38,2.021,310.287,0,260.762,3.706,12.465,5.727,5.054,23.92,3.369,2.695,1.348,50.872,2.021,0,0,21.899,2.021,129.034,3.032,0,0.337,9.77,1324.026,30.321,80.857,24.931,949.391,14.15,27.963,14.487,7.075,2.695,68.391,0.674,0,0
PT11_28_5,Flight1h,Male,PT,9.008,3.003,4.64,8.189,18.288,35.485,7.643,145.215,1.365,22.656,13.102,570.762,1.092,1.092,138.937,0.273,146.58,2.457,13.648,2.184,3.821,10.1,0,3.821,1.092,20.745,7.37,0,0.273,9.827,0,137.3,4.913,0,1.911,21.837,1813.009,80.797,55.684,49.406,1165.545,10.918,20.199,17.47,1.365,6.005,57.322,0,3.276,0.546
PT11_5_3,Flight20h,Male,PT,8.577,3.916,2.61,2.61,60.971,29.646,2.051,195.218,2.051,35.613,17.9,194.659,1.119,2.051,136.299,0,96.397,0,13.425,2.983,4.848,6.526,0.932,2.237,1.119,21.629,0.559,0,0.746,41.02,6.339,98.635,1.678,0,4.102,18.459,729.226,42.512,44.003,28.341,792.061,8.018,24.612,32.443,13.238,5.78,37.477,0.373,4.475,0.559
PT11_56_3,Control20h,Male,PT,4.233,7.256,0,42.025,43.234,30.234,7.558,156.308,5.442,19.652,29.629,179.286,9.07,3.628,204.682,0,96.748,2.116,5.744,7.256,1.512,14.815,4.233,5.442,0,31.745,0,0.907,0.302,37.188,6.651,109.446,7.256,0,1.512,9.977,1106.858,26.001,24.792,100.376,556.603,6.954,30.838,10.279,15.722,1.209,29.931,0,0.605,0
PT11_60_3,Control1h,Male,PT,7.214,6.973,4.328,0.481,14.428,29.818,4.088,161.351,0,26.932,14.428,308.035,1.924,4.088,180.108,0,84.643,2.645,11.542,1.924,4.569,12.023,0.962,4.809,3.366,31.02,5.05,0,0,41.119,2.405,134.179,4.328,0,2.645,12.023,1097.719,31.26,73.822,146.683,676.907,9.859,36.31,27.172,23.806,2.645,61.559,1.443,0,0.721
PT11_67_3,Flight1h,Male,PT,3.606,7.869,1.311,0.328,17.377,45.901,10.164,182.947,0.656,14.098,16.393,233.11,0.656,0.656,263.929,0,178.685,0.656,20.983,5.574,1.967,12.459,2.295,7.213,0,6.885,6.229,0,0,25.573,0.656,136.718,0.984,0,0,5.902,888.178,27.213,33.114,61.638,794.082,8.524,29.508,9.836,4.59,2.623,27.213,0.984,4.262,0.656
PT11_73_5,Flight1h,Male,PT,14.473,3.277,2.458,2.185,17.477,70.729,3.004,159.481,0.819,14.473,17.75,225.84,5.462,2.458,701.278,0,203.72,2.458,12.289,0.273,1.092,7.646,0.819,2.185,0,60.898,7.373,0,0,26.762,3.823,172.862,2.458,0,1.365,8.739,621.265,33.589,47.79,46.697,732.956,7.1,20.208,27.855,9.012,4.369,27.855,0,1.912,0.546
PT11_74_4,Flight20h,Male,PT,3.957,5.441,2.473,0,10.387,29.677,0,125.631,4.946,18.301,19.29,477.794,0,2.473,82.6,0,56.88,6.925,10.881,0,0,7.419,0.989,3.462,0,36.601,8.408,2.473,0,11.376,7.419,165.2,2.473,0,7.914,25.225,1338.416,47.483,13.849,98.427,1178.162,7.914,27.204,7.419,7.419,3.462,30.171,0,0.495,1.484
PT11_76_3,Flight20h,Male,PT,8.683,0.457,6.17,0,29.477,54.383,12.339,210.221,7.998,20.565,16.681,340.467,2.742,2.285,21.708,0,66.722,0.914,7.998,1.6,4.342,13.482,5.256,3.656,4.113,49.585,2.971,0.686,0.229,29.705,0,151.268,1.828,0,0.229,9.369,1274.123,35.418,52.555,85.688,685.961,3.885,37.474,11.882,6.398,8.683,37.246,0,6.17,0.686
PT11_83_3,Control20h,Male,PT,1.763,10.933,0.353,0.705,46.729,53.606,1.587,218.831,4.761,29.272,7.053,190.441,6.877,4.937,357.959,0,93.986,2.469,3.879,1.234,2.821,13.401,3.703,7.406,0,57.309,2.998,0.705,0.176,69.123,5.819,107.388,1.411,0,1.411,7.406,285.309,31.388,62.07,23.452,603.24,10.756,18.868,19.044,17.457,13.225,94.515,1.058,0.529,0.353
PT11_97_4,Flight1h,Male,PT,7.288,1.005,2.513,6.785,17.089,64.335,11.058,304.082,3.518,13.068,12.314,369.422,2.262,3.77,204.816,0,130.931,1.005,4.775,4.272,5.026,6.534,3.77,2.764,0,42.722,1.005,0.754,0,18.345,2.01,193.507,3.518,0.251,0.754,10.555,1250.758,50.764,84.188,25.382,953.461,10.555,20.356,8.544,13.319,0.251,49.508,0,0.503,0.754
