Sort,Year,State,Chlamydia_Count,Chlamydia_Rate,Chlamydia_RankByCount,Chlamydia_RankByRate,Gonorrhea_Count,Gonorrhea_Rate,Gonorrhea_RankByCount,Gonorrhea_RankByRate,Primary_Secondary_Syphilis_Count,Primary_Secondary_Syphilis_Rate,Primary_Secondary_Syphilis_RankByCount,Primary_Secondary_Syphilis_RankByRate
1,2000,Alabama,15323,344.2,14,6,12063,271,12,3,123,2.8,17,13
2,2000,Alaska,2569,409.3,40,2,361,57.5,41,35,0,0,39,
3,2000,Arizona,12591,243.7,21,22,4130,79.9,23,28,189,3.7,13,10
4,2000,Arkansas,6219,232.2,31,25,3642,136,24,17,104,3.9,19,9
5,2000,California,95392,280.5,1,12,21619,63.6,4,32,325,1,9,19
6,2000,Colorado,12000,277.3,22,13,3112,71.9,27,30,11,0.3,31,26
7,2000,Connecticut,7604,222.9,29,28,2912,85.3,29,27,16,0.5,28,24
8,2000,Delaware,2856,363.1,38,4,1735,220.6,32,5,9,1.1,32,18
9,2000,Florida,33390,208,4,33,22781,141.9,3,16,413,2.6,3,14
10,2000,Georgia,29359,356.5,7,5,20265,246.1,5,4,402,4.9,5,6
11,2000,Hawaii,3547,292.5,37,10,483,39.8,40,39,2,0.2,37,27
12,2000,Idaho,1907,146.7,43,42,98,7.5,45,47,1,0.1,38,28
13,2000,Illinois,40350,324.3,3,8,24812,199.4,2,9,412,3.3,4,12
14,2000,Indiana,14063,230.8,17,26,6525,107.1,21,21,351,5.8,7,3
15,2000,Iowa,5987,204.4,33,35,1392,47.5,35,37,11,0.4,31,25
16,2000,Kansas,6056,224.9,32,27,2795,103.8,30,23,6,0.2,33,27
17,2000,Kentucky,8063,199.1,28,36,3502,86.5,25,25,85,2.1,20,15
18,2000,Louisiana,17846,399.3,11,3,13245,296.3,11,2,209,4.7,12,8
19,2000,Maine,1474,115.4,45,46,90,7,46,48,1,0.1,38,28
20,2000,Maryland,14533,273.6,16,15,9837,185.2,15,10,300,5.6,10,5
21,2000,Massachusetts,10967,172.4,23,37,3045,47.9,28,36,68,1.1,24,18
22,2000,Michigan,26237,263.5,9,19,18182,182.6,8,11,330,3.3,8,12
23,2000,Minnesota,8102,164.2,27,39,3160,64,26,31,16,0.3,28,26
24,2000,Mississippi,12697,445.7,20,1,9217,323.5,16,1,137,4.8,14,7
25,2000,Missouri,13448,239.9,18,24,8883,158.5,17,13,29,0.5,27,24
26,2000,Montana,1469,162.6,46,41,60,6.6,49,49,0,0,39,
27,2000,Nebraska,3791,221.3,36,29,1534,89.5,34,24,2,0.1,37,28
28,2000,Nevada,4019,199.1,35,36,1553,76.9,33,29,5,0.2,34,27
29,2000,New Hampshire,1130,91.1,47,48,110,8.9,44,46,2,0.2,37,27
30,2000,New Jersey,10814,128.2,24,44,7232,85.8,19,26,71,0.8,22,21
31,2000,New Mexico,5204,285.7,34,11,1152,63.2,36,33,16,0.9,29,20
32,2000,New York,31494,165.8,5,38,20114,105.9,6,22,132,0.7,15,22
33,2000,North Carolina,21985,272,10,16,17823,220.5,9,6,483,6,2,2
34,2000,North Dakota,909,141.8,48,43,73,11.4,47,43,0,0,39,
35,2000,Ohio,31190,274.5,6,14,19303,169.9,7,12,69,0.6,23,23
36,2000,Oklahoma,9331,270.1,26,17,4229,122.4,22,19,116,3.4,18,11
37,2000,Oregon,7107,207.1,30,34,1038,30.3,37,42,12,0.3,30,26
38,2000,Pennsylvania,26475,215.5,8,32,13607,110.8,10,20,77,0.6,21,23
39,2000,Rhode Island,2632,250.5,39,20,661,62.9,38,34,4,0.4,35,25
40,2000,South Carolina,9950,247.3,25,21,8383,208.3,18,7,229,5.7,11,4
41,2000,South Dakota,1834,242.7,44,23,277,36.7,42,40,0,0,39,
42,2000,Tennessee,15069,264.2,15,18,11876,208.2,13,8,532,9.3,1,1
43,2000,Texas,68814,328.4,2,7,32919,157.1,1,14,396,1.9,6,16
44,2000,Utah,2190,97.6,41,47,231,10.3,43,45,2,0.1,37,28
45,2000,Vermont,526,86.2,50,49,65,10.7,48,44,0,0,39,
46,2000,Virginia,15352,216,13,31,10175,143.2,14,15,126,1.8,16,17
47,2000,Washington,13066,221,19,30,2418,40.9,31,38,66,1.1,25,18
48,2000,West Virginia,2144,118.6,42,45,645,35.7,39,41,3,0.2,36,27
49,2000,Wisconsin,16365,304.5,12,9,7013,130.5,20,18,48,0.9,26,20
50,2000,Wyoming,807,163.3,49,40,53,10.7,50,44,1,0.2,38,27
1,2001,Alabama,14524,325,19,12,11182,250.2,12,4,142,3.2,15,8
2,2001,Alaska,2744,433.1,41,1,457,72.1,41,30,0,0,42,
3,2001,Arizona,14346,270.3,20,21,3920,73.9,24,29,180,3.4,12,6
4,2001,Arkansas,7280,270.2,31,22,4604,170.9,23,13,49,1.8,23,12
5,2001,California,101944,294.6,1,17,23296,67.3,3,33,545,1.6,1,14
6,2001,Colorado,13239,298.8,23,16,3190,72,27,31,23,0.5,29,22
7,2001,Connecticut,7718,224.7,29,33,2546,74.1,31,28,12,0.3,34,24
8,2001,Delaware,2793,350.6,40,6,1733,217.5,33,6,14,1.8,32,12
9,2001,Florida,37625,229.8,6,31,21531,131.5,5,18,484,3,2,9
10,2001,Georgia,33840,402.6,7,3,18920,225.1,7,5,414,4.9,6,3
11,2001,Hawaii,4031,328.5,36,10,604,49.2,40,38,12,1,34,17
12,2001,Idaho,2023,153.2,43,45,76,5.8,48,50,1,0.1,41,26
13,2001,Illinois,43716,349.2,4,7,24025,191.9,2,8,409,3.3,7,7
14,2001,Indiana,15258,249,18,25,6972,113.8,20,21,151,2.5,14,10
15,2001,Iowa,5699,194.4,34,38,1418,48.4,34,39,5,0.2,39,25
16,2001,Kansas,6050,223.9,33,34,2669,98.8,30,24,25,0.9,28,18
17,2001,Kentucky,8881,218.3,27,35,3588,88.2,25,25,48,1.2,24,16
18,2001,Louisiana,17840,399.1,12,4,12253,274.1,11,1,173,3.9,13,5
19,2001,Maine,1338,104.2,47,49,141,11,45,47,1,0.1,41,26
20,2001,Maryland,15640,290.4,15,18,9427,175,16,11,266,4.9,10,3
21,2001,Massachusetts,10402,162.5,26,44,3214,50.2,26,36,46,0.7,25,20
22,2001,Michigan,31090,310.7,8,13,17120,171.1,8,12,428,4.3,5,4
23,2001,Minnesota,8323,167,28,42,2701,54.2,29,35,33,0.7,26,20
24,2001,Mississippi,11793,412.4,24,2,7759,271.3,19,2,140,4.9,16,3
25,2001,Missouri,13949,247.4,21,26,8723,154.7,18,14,26,0.5,27,22
26,2001,Montana,1919,212,44,37,104,11.5,46,46,0,0,42,
27,2001,Nebraska,3206,186.4,37,40,1189,69.1,35,32,10,0.6,36,21
28,2001,Nevada,4831,230.3,35,30,1756,83.7,32,26,8,0.4,38,23
29,2001,New Hampshire,1383,109.8,46,48,176,14,44,44,1,0.1,41,26
30,2001,New Jersey,16312,191.7,13,39,8921,104.8,17,23,137,1.6,17,14
31,2001,New Mexico,6254,341.6,32,8,1040,56.8,37,34,19,1,31,17
32,2001,New York,46393,243.1,3,27,22299,116.8,4,19,304,1.6,9,14
33,2001,North Carolina,22101,269.3,10,23,16583,202.1,9,7,445,5.4,4,2
34,2001,North Dakota,1062,166.8,48,43,56,8.8,50,49,0,0,42,
35,2001,Ohio,37653,330.6,5,9,21163,185.8,6,9,81,0.7,20,20
36,2001,Oklahoma,10478,302,25,14,4784,137.9,22,17,60,1.7,21,13
37,2001,Oregon,7454,214.6,30,36,1144,32.9,36,42,13,0.4,33,23
38,2001,Pennsylvania,28371,230.6,9,29,14244,115.8,10,20,100,0.8,19,19
39,2001,Rhode Island,2912,274.8,39,19,830,78.3,38,27,9,0.8,37,19
40,2001,South Carolina,15329,377.4,17,5,10805,266,14,3,235,5.8,11,1
41,2001,South Dakota,1821,240.1,45,28,289,38.1,42,41,1,0.1,41,26
42,2001,Tennessee,15560,270.6,16,20,10145,176.5,15,10,331,5.8,8,1
43,2001,Texas,69752,326.4,2,11,30024,140.5,1,16,478,2.2,3,11
44,2001,Utah,3004,131.8,38,46,219,9.6,43,48,11,0.5,35,22
45,2001,Vermont,638,104.1,50,50,76,12.4,49,45,3,0.5,40,22
46,2001,Virginia,18337,254.8,11,24,11095,154.2,13,15,102,1.4,18,15
47,2001,Washington,13631,227.4,22,32,2991,49.9,28,37,57,1,22,17
48,2001,West Virginia,2346,130.3,42,47,732,40.6,39,40,5,0.3,39,24
49,2001,Wisconsin,16284,301.2,14,15,6011,111.2,21,22,22,0.4,30,23
50,2001,Wyoming,839,169.9,49,41,77,15.6,47,43,1,0.2,41,25
1,2002,Alabama,15611,348,18,9,10118,225.5,13,3,149,3.3,15,7
2,2002,Alaska,3806,591.2,38,1,641,99.6,41,24,0,0,39,
3,2002,Arizona,14973,274.4,19,26,3795,69.6,24,34,200,3.7,10,5
4,2002,Arkansas,7312,269.8,31,29,4584,169.1,23,11,34,1.3,28,17
5,2002,California,110288,314.1,1,14,24606,70.1,2,33,1033,2.9,1,8
6,2002,Colorado,14028,311.3,23,16,3511,77.9,26,32,64,1.4,23,16
7,2002,Connecticut,9808,283.4,28,22,3241,93.7,28,25,28,0.8,30,21
8,2002,Delaware,2649,328.1,41,11,1576,195.2,33,6,11,1.4,34,16
9,2002,Florida,42058,251.6,5,34,21348,127.7,6,17,617,3.7,2,5
10,2002,Georgia,33998,397.2,7,5,18383,214.7,7,5,439,5.1,7,1
11,2002,Hawaii,4521,363.2,37,7,740,59.4,40,36,11,0.9,34,20
12,2002,Idaho,2503,186.6,42,43,94,7,48,49,8,0.6,35,23
13,2002,Illinois,48101,381.7,4,6,24026,190.7,3,8,479,3.8,5,4
14,2002,Indiana,17100,277.6,13,23,7395,120.1,19,19,62,1,24,19
15,2002,Iowa,6195,210.9,34,38,1480,50.4,35,38,8,0.3,35,24
16,2002,Kansas,6784,249.8,33,35,2744,101,31,23,20,0.7,31,22
17,2002,Kentucky,8756,213.9,29,37,3772,92.2,25,26,88,2.2,19,11
18,2002,Louisiana,18442,411.4,12,2,11387,254,11,1,152,3.4,14,6
19,2002,Maine,1805,139.4,46,48,142,11,44,47,2,0.2,38,25
20,2002,Maryland,16891,309.5,15,17,9355,171.4,14,10,228,4.2,9,3
21,2002,Massachusetts,10914,169.8,25,44,3242,50.4,27,38,99,1.5,18,15
22,2002,Michigan,32272,321.1,8,12,14770,147,9,14,486,4.8,4,2
23,2002,Minnesota,10107,201.3,27,39,3049,60.7,29,35,59,1.2,25,18
24,2002,Mississippi,11800,410.9,24,3,6875,239.4,20,2,49,1.7,26,17
25,2002,Missouri,16181,285.2,16,21,8952,157.8,17,13,34,0.6,28,23
26,2002,Montana,2475,272.1,43,28,123,13.5,45,44,0,0,39,
27,2002,Nebraska,4779,276.4,36,25,1564,90.4,34,29,6,0.3,37,24
28,2002,Nevada,5936,273.1,35,27,1988,91.5,32,28,15,0.7,32,22
29,2002,New Hampshire,1557,122.1,47,50,120,9.4,46,48,8,0.6,35,23
30,2002,New Jersey,14164,164.9,22,45,7894,91.9,18,27,169,2,11,13
31,2002,New Mexico,7417,399.8,30,4,1462,78.8,36,31,39,2.1,27,12
32,2002,New York,51123,266.9,3,30,21841,114,5,21,478,2.5,6,10
33,2002,North Carolina,24726,297.2,10,19,15531,186.7,8,9,279,3.4,8,6
34,2002,North Dakota,1256,198.1,48,41,72,11.4,49,46,0,0,39,
35,2002,Ohio,38032,333,6,10,22008,192.7,4,7,159,1.4,13,16
36,2002,Oklahoma,10804,309.2,26,18,4661,133.4,22,16,72,2.1,20,12
37,2002,Oregon,7009,199,32,40,909,25.8,38,41,28,0.8,30,21
38,2002,Pennsylvania,31791,257.7,9,32,13294,107.8,10,22,105,0.9,17,20
39,2002,Rhode Island,2832,264.7,40,31,900,84.1,39,30,13,1.2,33,18
40,2002,South Carolina,14314,348.5,21,8,9152,222.8,16,4,134,3.3,16,7
41,2002,South Dakota,2215,291,45,20,263,34.6,43,40,0,0,39,
42,2002,Tennessee,16042,276.7,17,24,9348,161.2,15,12,168,2.9,12,8
43,2002,Texas,69521,319.2,2,13,26988,123.9,1,18,589,2.7,3,9
44,2002,Utah,3540,152.8,39,47,374,16.1,42,42,7,0.3,36,24
45,2002,Vermont,954,154.7,49,46,98,15.9,47,43,2,0.3,38,24
46,2002,Virginia,18518,253.9,11,33,10462,143.4,12,15,71,1,21,19
47,2002,Washington,14934,246.1,20,36,2925,48.2,30,39,70,1.2,22,18
48,2002,West Virginia,2464,136.7,44,49,974,54.1,37,37,2,0.1,38,26
49,2002,Wisconsin,17000,312.4,14,15,6341,116.5,21,20,30,0.6,29,23
50,2002,Wyoming,944,189.3,50,42,65,13,50,45,0,0,39,
1,2003,Alabama,14209,315.7,21,17,9303,206.7,12,3,114,2.5,17,10
2,2003,Alaska,3900,601.1,38,1,573,88.3,41,29,1,0.2,42,27
3,2003,Arizona,12819,229.7,23,37,3580,64.1,24,32,186,3.3,10,7
4,2003,Arkansas,7856,288.2,30,24,4251,156,23,9,51,1.9,24,14
5,2003,California,117428,330.9,1,13,25963,73.2,1,31,1299,3.7,1,6
6,2003,Colorado,13039,286.5,22,25,2854,62.7,29,34,39,0.9,29,21
7,2003,Connecticut,9393,269.7,28,31,3114,89.4,27,28,30,0.9,31,21
8,2003,Delaware,3035,371.3,40,9,1128,138,37,13,7,0.9,40,21
9,2003,Florida,42382,249,6,36,18974,111.5,6,17,658,3.9,2,4
10,2003,Georgia,35686,410.9,8,5,17686,203.6,7,5,585,6.7,4,1
11,2003,Hawaii,5480,435.7,36,3,1263,100.4,35,21,14,1.1,36,20
12,2003,Idaho,2366,173.2,45,45,68,5,49,49,15,1.1,35,20
13,2003,Illinois,48294,381.7,4,7,21817,172.4,5,8,374,3,6,9
14,2003,Indiana,17075,275.6,16,28,6681,107.8,19,19,50,0.8,25,22
15,2003,Iowa,6491,220.5,34,38,1554,52.8,34,36,12,0.4,37,25
16,2003,Kansas,7249,266.2,33,32,2647,97.2,31,23,25,0.9,32,21
17,2003,Kentucky,7981,193.8,29,41,3578,86.9,25,30,33,0.8,30,22
18,2003,Louisiana,20970,466.4,11,2,11850,263.5,11,1,183,4.1,11,3
19,2003,Maine,2030,155.5,46,48,233,17.8,43,42,8,0.6,39,23
20,2003,Maryland,16831,305.5,17,21,8032,145.8,17,11,312,5.7,7,2
21,2003,Massachusetts,11301,175.7,25,44,2901,45.1,28,38,133,2.1,16,12
22,2003,Michigan,32572,323.1,9,16,13965,138.5,9,12,249,2.5,8,10
23,2003,Minnesota,10714,211.8,27,40,3202,63.3,26,33,47,0.9,27,21
24,2003,Mississippi,12193,423.2,24,4,6328,219.6,20,2,40,1.4,28,18
25,2003,Missouri,18570,325.5,14,15,8792,154.1,14,10,61,1.1,23,20
26,2003,Montana,2547,277.6,44,27,122,13.3,46,46,0,0,43,
27,2003,Nebraska,4739,272.5,37,30,1623,93.3,33,25,10,0.6,38,23
28,2003,Nevada,5830,260.1,35,35,2221,99.1,32,22,12,0.5,37,24
29,2003,New Hampshire,1616,125.5,48,50,125,9.7,45,47,19,1.5,33,17
30,2003,New Jersey,16169,187.2,19,43,7944,92,18,26,170,2,12,13
31,2003,New Mexico,7480,399,32,6,1169,62.4,36,35,71,3.8,21,5
32,2003,New York,57222,298.2,3,23,22166,115.5,4,16,584,3,5,9
33,2003,North Carolina,26187,311.5,10,20,15116,179.8,8,7,152,1.8,14,15
34,2003,North Dakota,1655,261.1,47,34,103,16.3,47,44,2,0.3,41,26
35,2003,Ohio,42522,371.8,5,8,22537,197.1,3,6,197,1.7,9,16
36,2003,Oklahoma,11013,313.6,26,18,4552,129.6,22,14,64,1.8,22,15
37,2003,Oregon,7688,216,31,39,1000,28.1,38,41,48,1.3,26,19
38,2003,Pennsylvania,37291,301.6,7,22,11866,96,10,24,159,1.3,13,19
39,2003,Rhode Island,3000,278.8,41,26,973,90.4,39,27,33,3.1,30,8
40,2003,South Carolina,14623,352.6,20,10,8518,205.4,16,4,94,2.3,18,11
41,2003,South Dakota,2608,341.2,42,12,226,29.6,44,40,2,0.3,41,26
42,2003,Tennessee,20380,348.9,12,11,8519,145.8,15,11,135,2.3,15,11
43,2003,Texas,69200,312.9,2,19,24595,111.2,2,18,654,3,3,9
44,2003,Utah,3893,165.6,39,47,412,17.5,42,43,14,0.6,36,23
45,2003,Vermont,1060,171.2,49,46,97,15.7,48,45,1,0.2,42,27
46,2003,Virginia,19439,263.2,13,33,9066,122.7,13,15,82,1.1,19,20
47,2003,Washington,16797,273.9,18,29,2753,44.9,30,39,82,1.3,20,19
48,2003,West Virginia,2585,142.8,43,49,847,46.8,40,37,2,0.1,41,28
49,2003,Wisconsin,17942,327.9,15,14,5663,103.5,21,20,16,0.3,34,26
50,2003,Wyoming,960,191.5,50,42,46,9.2,50,48,0,0,43,
1,2004,Alabama,13314,295.8,24,28,8206,182.3,17,4,165,3.7,11,9
2,2004,Alaska,3954,609.4,38,2,567,87.4,42,26,8,1.2,33,29
3,2004,Arizona,16786,300.8,22,25,4065,72.8,24,31,157,2.8,12,11
4,2004,Arkansas,7864,288.5,31,31,4137,151.8,23,11,47,1.7,23,24
5,2004,California,122197,344.4,1,16,30155,85,1,27,1356,3.8,1,6
6,2004,Colorado,14151,311,23,21,3054,67.1,27,33,63,1.4,20,27
7,2004,Connecticut,9552,274.2,28,36,2862,82.2,29,28,45,1.3,24,28
8,2004,Delaware,2954,361.3,41,13,894,109.4,38,19,9,1.1,32,31
9,2004,Florida,42554,250,5,37,18580,109.2,6,20,728,4.3,3,5
10,2004,Georgia,34280,394.7,9,8,15783,181.7,8,5,549,6.3,5,3
11,2004,Hawaii,5307,422,36,6,1193,94.9,36,22,8,0.6,33,37
12,2004,Idaho,2784,203.8,42,43,103,7.5,47,50,24,1.8,30,22
13,2004,Illinois,47185,372.9,4,11,20597,162.8,3,9,386,3.1,6,10
14,2004,Indiana,18440,297.6,18,27,6851,110.6,19,17,60,1,21,32
15,2004,Iowa,6956,236.3,33,39,1249,42.4,35,40,5,0.2,35,45
16,2004,Kansas,7493,275.1,32,35,2542,93.3,32,23,24,0.9,30,34
17,2004,Kentucky,6470,157.1,35,48,2758,67,31,34,47,1.1,23,30
18,2004,Louisiana,21837,485.7,12,3,10538,234.4,11,2,332,7.4,8,1
19,2004,Maine,2113,161.8,46,47,210,16.1,44,45,2,0.2,38,48
20,2004,Maryland,19952,362.2,15,12,8297,150.6,16,12,380,6.9,7,2
21,2004,Massachusetts,13242,205.8,25,42,3057,47.5,26,38,114,1.8,17,21
22,2004,Michigan,41246,409.2,6,7,17376,172.4,7,8,192,1.9,10,19
23,2004,Minnesota,11602,229.3,26,40,2957,58.4,28,36,27,0.5,27,40
24,2004,Mississippi,18863,654.7,17,1,7163,248.6,18,1,59,2,22,18
25,2004,Missouri,21319,373.7,14,10,9218,161.6,12,10,94,1.6,18,25
26,2004,Montana,2608,284.2,44,34,88,9.6,48,49,4,0.4,36,42
27,2004,Nebraska,5238,301.2,37,24,1147,65.9,37,35,7,0.4,34,43
28,2004,Nevada,6690,298.5,34,26,3078,137.3,25,14,40,1.8,25,20
29,2004,New Hampshire,1736,134.8,48,50,133,10.3,45,48,5,0.4,35,44
30,2004,New Jersey,17448,202,21,44,6696,77.5,20,29,150,1.7,13,23
31,2004,New Mexico,9035,482,29,4,1306,69.7,33,32,82,4.4,19,4
32,2004,New York,59097,308,3,22,18737,97.6,5,21,727,3.8,4,7
33,2004,North Carolina,28967,344.5,10,15,15194,180.7,9,6,192,2.3,10,15
34,2004,North Dakota,1810,285.6,47,33,110,17.4,46,44,0,0,40,
35,2004,Ohio,39379,344.3,7,17,20467,179,4,7,237,2.1,9,17
36,2004,Oklahoma,10366,295.2,27,29,4453,126.8,22,15,25,0.7,29,36
37,2004,Oregon,8690,244.1,30,38,1302,36.6,34,42,29,0.8,26,35
38,2004,Pennsylvania,38025,307.5,8,23,11236,90.9,10,25,118,1,15,33
39,2004,Rhode Island,3442,319.8,40,19,816,75.8,40,30,26,2.4,28,14
40,2004,South Carolina,18423,444.2,19,5,9171,221.1,13,3,116,2.8,16,12
41,2004,South Dakota,2532,331.3,45,18,304,39.8,43,41,0,0,40,
42,2004,Tennessee,22515,385.4,11,9,8475,145.1,15,13,130,2.2,14,16
43,2004,Texas,70232,317.5,2,20,24371,110.2,2,18,827,3.7,2,8
44,2004,Utah,3857,164,39,46,603,25.6,41,43,13,0.6,31,39
45,2004,Vermont,1137,183.6,49,45,86,13.9,49,46,1,0.2,39,47
46,2004,Virginia,21635,292.9,13,30,8565,116,14,16,116,1.6,16,26
47,2004,Washington,17635,287.6,20,32,2810,45.8,30,39,150,2.4,13,13
48,2004,West Virginia,2758,152.3,43,49,892,49.3,39,37,3,0.2,37,46
49,2004,Wisconsin,19217,351.2,16,14,5053,92.3,21,24,29,0.5,26,41
50,2004,Wyoming,1082,215.9,50,41,59,11.8,50,47,3,0.6,37,38
1,2005,Alabama,17109,377.7,23,15,9406,207.6,13,3,169,3.7,14,9
2,2005,Alaska,4355,664.4,39,2,600,91.5,41,25,9,1.4,38,28
3,2005,Arizona,21264,370.2,15,17,4951,86.2,23,27,175,3,13,13
4,2005,Arkansas,8507,309.1,30,28,4476,162.6,24,10,52,1.9,27,21
5,2005,California,130716,364.2,1,19,34338,95.7,1,22,1585,4.4,1,5
6,2005,Colorado,15432,335.4,24,21,3224,70.1,27,32,46,1,29,36
7,2005,Connecticut,11039,315.1,28,26,2750,78.5,30,30,58,1.7,25,24
8,2005,Delaware,3392,408.5,40,6,913,110,38,20,11,1.3,36,30
9,2005,Florida,43372,249.3,6,39,20225,116.3,4,17,724,4.2,3,6
10,2005,Georgia,33562,380.1,9,14,15860,179.6,8,6,645,7.3,5,1
11,2005,Hawaii,5489,434.7,36,5,1024,81.1,37,29,11,0.9,36,38
12,2005,Idaho,2799,200.9,43,45,119,8.5,48,50,20,1.4,33,27
13,2005,Illinois,50559,397.7,4,7,20019,157.5,5,11,525,4.1,6,7
14,2005,Indiana,20063,321.6,17,24,8094,129.8,17,14,62,1,24,37
15,2005,Iowa,7390,250.1,34,38,1606,54.4,33,37,9,0.3,38,43
16,2005,Kansas,7419,271.2,33,34,2605,95.2,31,23,19,0.7,34,41
17,2005,Kentucky,8351,201.4,32,44,2935,70.8,28,31,52,1.3,27,31
18,2005,Louisiana,17227,381.5,22,12,9572,212,11,2,278,6.2,8,2
19,2005,Maine,2254,171.1,46,47,142,10.8,46,48,1,0.1,43,49
20,2005,Maryland,18291,329.1,21,23,7035,126.6,19,15,313,5.6,7,3
21,2005,Massachusetts,14411,224.6,25,42,2537,39.5,32,42,125,1.9,19,19
22,2005,Michigan,38730,383,7,10,17684,174.9,7,8,105,1,21,35
23,2005,Minnesota,12189,239,27,40,3482,68.3,26,33,70,1.4,23,29
24,2005,Mississippi,21268,732.6,14,1,7171,247,18,1,49,1.7,28,23
25,2005,Missouri,22371,388.7,13,9,9455,164.3,12,9,147,2.6,16,15
26,2005,Montana,2400,258.9,45,36,158,17,45,46,7,0.8,39,39
27,2005,Nebraska,5098,291.8,37,33,1158,66.3,36,34,4,0.2,40,45
28,2005,Nevada,7321,313.6,35,27,2880,123.4,29,16,109,4.7,20,4
29,2005,New Hampshire,1842,141.7,47,50,177,13.6,44,47,16,1.2,35,33
30,2005,New Jersey,19152,220.2,18,43,5722,65.8,21,35,133,1.5,18,26
31,2005,New Mexico,8456,444.3,31,3,1552,81.5,35,28,56,2.9,26,14
32,2005,New York,63966,332.7,3,22,17717,92.1,6,24,705,3.7,4,11
33,2005,North Carolina,31183,365.1,10,18,15072,176.5,9,7,274,3.2,9,12
34,2005,North Dakota,1667,262.8,48,35,128,20.2,47,44,1,0.2,43,48
35,2005,Ohio,43806,382.3,5,11,20985,183.1,3,5,211,1.8,11,22
36,2005,Oklahoma,13407,380.5,26,13,5228,148.4,22,12,44,1.2,30,32
37,2005,Oregon,9018,250.9,29,37,1562,43.5,34,39,41,1.1,31,34
38,2005,Pennsylvania,37261,300.3,8,31,11222,90.5,10,26,199,1.6,12,25
39,2005,Rhode Island,3269,302.5,41,30,438,40.5,42,41,24,2.2,32,17
40,2005,South Carolina,18296,435.8,20,4,8561,203.9,15,4,84,2,22,18
41,2005,South Dakota,2701,350.4,44,20,351,45.5,43,38,2,0.3,42,44
42,2005,Tennessee,23084,391.2,11,8,8605,145.8,14,13,217,3.7,10,10
43,2005,Texas,71860,319.5,2,25,26110,116.1,2,18,873,3.9,2,8
44,2005,Utah,4602,192.6,38,46,727,30.4,40,43,10,0.4,37,42
45,2005,Vermont,957,154,50,49,60,9.7,50,49,1,0.2,43,47
46,2005,Virginia,22668,303.9,12,29,8346,111.9,16,19,143,1.9,17,20
47,2005,Washington,18616,300.1,19,32,3739,60.3,25,36,152,2.5,15,16
48,2005,West Virginia,2944,162.2,42,48,770,42.4,39,40,3,0.2,41,46
49,2005,Wisconsin,20461,371.4,16,16,5869,106.5,20,21,41,0.7,31,40
50,2005,Wyoming,1173,231.6,49,41,87,17.2,49,45,0,0,44,
1,2006,Alabama,22915,498.3,15,5,10665,231.9,12,4,319,6.9,8,2
2,2006,Alaska,4525,675.3,39,1,630,94,41,21,11,1.6,41,25
3,2006,Arizona,24090,390.7,12,13,5949,96.5,21,20,203,3.3,13,13
4,2006,Arkansas,8259,293.8,34,32,4306,153.2,24,13,77,2.7,25,17
5,2006,California,135827,372.6,1,16,33740,92.5,1,22,1835,5,1,6
6,2006,Colorado,16313,343.2,24,22,3695,77.7,26,30,69,1.5,28,26
7,2006,Connecticut,10946,312.3,28,29,2610,74.5,30,31,64,1.8,31,23
8,2006,Delaware,3615,423.6,40,7,1485,174,35,8,20,2.3,36,19
9,2006,Florida,48955,270.6,5,39,23976,132.5,3,15,719,4,4,9
10,2006,Georgia,38972,416.2,8,11,19669,210.1,5,5,581,6.2,5,3
11,2006,Hawaii,5548,431.6,36,6,885,68.8,40,32,18,1.4,38,27
12,2006,Idaho,3345,228.1,41,44,206,14,44,46,3,0.2,44,37
13,2006,Illinois,53586,417.6,4,9,20186,157.3,4,11,431,3.4,6,12
14,2006,Indiana,19859,314.5,20,28,8732,138.3,16,14,93,1.5,22,26
15,2006,Iowa,8390,281.3,33,35,1966,65.9,33,34,19,0.6,37,34
16,2006,Kansas,7829,283.2,35,34,2210,80,32,28,27,1,34,30
17,2006,Kentucky,8940,212.5,31,45,3277,77.9,28,29,73,1.7,26,24
18,2006,Louisiana,17885,417.1,22,10,10883,253.8,11,2,342,8,7,1
19,2006,Maine,2306,174.5,46,48,137,10.4,48,49,9,0.7,42,33
20,2006,Maryland,21859,389.2,17,14,7328,130.5,18,16,300,5.3,10,5
21,2006,Massachusetts,15394,239.1,25,42,2429,37.7,31,41,124,1.9,20,22
22,2006,Michigan,36753,364,9,17,15677,155.3,9,12,118,1.2,21,29
23,2006,Minnesota,12935,250.3,27,41,3303,63.9,27,35,47,0.9,32,31
24,2006,Mississippi,19002,652.9,21,2,7511,258.1,17,1,86,3,23,14
25,2006,Missouri,22982,393.3,14,12,10204,174.6,14,7,168,2.9,18,15
26,2006,Montana,2650,280.5,44,36,194,20.5,45,45,1,0.1,45,38
27,2006,Nebraska,5428,307,37,30,1433,81,37,27,7,0.4,43,36
28,2006,Nevada,8398,336.5,32,24,2791,111.8,29,19,137,5.5,19,4
29,2006,New Hampshire,1997,151.9,47,50,180,13.7,46,47,13,1,40,30
30,2006,New Jersey,20194,231.5,18,43,5492,62.9,22,36,173,2,17,21
31,2006,New Mexico,9829,502.9,29,4,1733,88.7,34,25,79,4,24,9
32,2006,New York,68720,355.9,3,20,17459,90.4,7,24,736,3.8,3,10
33,2006,North Carolina,33615,379.6,10,15,17312,195.5,8,6,309,3.5,9,11
34,2006,North Dakota,1820,286.2,48,33,153,24.1,47,43,1,0.2,45,37
35,2006,Ohio,40106,349.4,6,21,19190,167.2,6,9,184,1.6,15,25
36,2006,Oklahoma,12992,363,26,19,4951,138.3,23,14,70,2,27,21
37,2006,Oregon,9577,258.8,30,40,1461,39.5,36,40,29,0.8,33,32
38,2006,Pennsylvania,39487,317.4,7,26,11466,92.2,10,23,264,2.1,11,20
39,2006,Rhode Island,3142,294.3,42,31,508,47.6,42,38,14,1.3,39,28
40,2006,South Carolina,22351,517.2,16,3,10320,238.8,13,3,66,1.5,30,26
41,2006,South Dakota,2633,336.7,45,23,367,46.9,43,39,13,1.7,40,24
42,2006,Tennessee,25320,419.3,11,8,9694,160.5,15,10,249,4.1,12,8
43,2006,Texas,75543,321.4,2,25,30449,129.5,2,17,1064,4.5,2,7
44,2006,Utah,5092,199.7,38,46,888,34.8,39,42,21,0.8,35,32
45,2006,Vermont,1191,190.9,50,47,72,11.5,50,48,3,0.5,44,35
46,2006,Virginia,24087,315.2,13,27,6476,84.7,20,26,190,2.5,14,18
47,2006,Washington,17819,278.6,23,37,4231,66.2,25,33,182,2.8,16,16
48,2006,West Virginia,2910,160,43,49,953,52.4,38,37,11,0.6,41,34
49,2006,Wisconsin,20190,363.4,19,18,6927,124.7,19,18,68,1.2,29,29
50,2006,Wyoming,1422,276.1,49,38,120,23.3,49,44,0,0,46,
1,2007,Alabama,25153,543.5,13,4,10885,235.2,12,3,380,8.2,8,2
2,2007,Alaska,4911,718.5,39,2,579,84.7,41,24,7,1,42,27
3,2007,Arizona,24866,392.3,14,16,5062,79.9,22,28,296,4.7,12,10
4,2007,Arkansas,9954,351.1,29,21,4168,147,24,13,122,4.3,22,12
5,2007,California,141928,388.3,1,17,31294,85.6,2,23,2038,5.6,1,6
6,2007,Colorado,17186,353.5,24,20,3376,69.4,28,30,57,1.2,28,25
7,2007,Connecticut,11454,327,28,27,2327,66.4,31,32,39,1.1,32,26
8,2007,Delaware,3479,402.3,41,14,1293,149.5,36,12,18,2.1,38,20
9,2007,Florida,57575,315.5,4,30,23327,127.8,3,17,913,5,4,8
10,2007,Georgia,42913,449.6,7,7,17835,186.9,6,5,680,7.1,5,3
11,2007,Hawaii,5659,440.9,37,8,659,51.3,40,35,9,0.7,40,30
12,2007,Idaho,3722,248.2,40,41,269,17.9,43,42,1,0.1,45,34
13,2007,Illinois,55470,431.6,5,10,20813,161.9,5,9,464,3.6,7,14
14,2007,Indiana,20712,326.4,20,28,8790,138.5,16,14,54,0.9,30,28
15,2007,Iowa,8643,289.3,34,34,1928,64.5,33,33,21,0.7,36,30
16,2007,Kansas,8180,294.7,35,32,2282,82.2,32,25,28,1,35,27
17,2007,Kentucky,8798,207.4,33,45,3449,81.3,27,26,56,1.3,29,24
18,2007,Louisiana,19362,451,22,6,11137,259.4,11,2,533,12.4,6,1
19,2007,Maine,2541,192.9,46,46,118,9,47,47,9,0.7,40,30
20,2007,Maryland,23150,412,17,13,6768,120.5,18,18,345,6.1,10,4
21,2007,Massachusetts,16145,250.3,25,40,2695,41.8,29,36,155,2.4,18,18
22,2007,Michigan,37353,370.9,9,18,15482,153.7,9,11,123,1.2,21,25
23,2007,Minnesota,13413,258.1,26,39,3459,66.5,26,31,59,1.1,27,26
24,2007,Mississippi,21686,743,18,1,8314,284.8,17,1,133,4.6,20,11
25,2007,Missouri,23308,396.5,16,15,9876,168,14,8,239,4.1,14,13
26,2007,Montana,2748,286.9,44,36,122,12.7,46,44,8,0.8,41,29
27,2007,Nebraska,5132,289.2,38,35,1434,80.8,35,27,4,0.2,44,33
28,2007,Nevada,9514,370.9,31,18,2357,91.9,30,20,111,4.3,23,12
29,2007,New Hampshire,2055,156.2,47,49,138,10.5,45,45,30,2.3,34,19
30,2007,New Jersey,21536,247.9,19,42,6076,70,21,29,227,2.6,16,17
31,2007,New Mexico,9460,480.2,32,5,1796,91.2,34,22,46,2.3,31,19
32,2007,New York,80717,418.3,3,11,17697,91.7,7,21,1068,5.5,3,7
33,2007,North Carolina,30611,337.8,10,25,16666,183.9,8,6,323,3.6,11,14
34,2007,North Dakota,1789,279.7,48,37,116,18.1,48,41,1,0.2,45,33
35,2007,Ohio,47434,413.7,6,12,21066,183.7,4,7,194,1.7,17,22
36,2007,Oklahoma,12529,346.4,27,23,4827,133.4,23,16,65,1.8,26,21
37,2007,Oregon,9849,262.8,30,38,1236,33,37,38,18,0.5,38,31
38,2007,Pennsylvania,42469,341.6,8,24,12706,102.2,10,19,263,2.1,13,20
39,2007,Rhode Island,3177,300.3,42,31,402,38,42,37,36,3.4,33,15
40,2007,South Carolina,26431,599.7,12,3,10326,234.3,13,4,91,2.1,24,20
41,2007,South Dakota,2620,329.1,45,26,261,32.8,44,39,7,0.9,42,28
42,2007,Tennessee,26866,436.4,11,9,9564,155.3,15,10,367,6,9,5
43,2007,Texas,85786,358.9,2,19,32073,134.2,1,15,1160,4.9,2,9
44,2007,Utah,5721,216.3,36,44,821,31,39,40,20,0.8,37,29
45,2007,Vermont,1057,170.1,50,48,64,10.3,50,46,10,1.6,39,23
46,2007,Virginia,24579,318.7,15,29,6269,81.3,20,26,230,3,15,16
47,2007,Washington,18784,290.4,23,33,3653,56.5,25,34,154,2.4,19,18
48,2007,West Virginia,3168,174.8,43,47,930,51.3,38,35,6,0.3,43,32
49,2007,Wisconsin,19555,349.1,21,22,6752,120.5,19,18,66,1.2,25,25
50,2007,Wyoming,1197,228.9,49,43,81,15.5,49,43,4,0.8,44,29
1,2008,Alabama,24760,531.1,16,4,9740,208.9,12,4,449,9.6,8,2
2,2008,Alaska,4861,708.3,39,2,578,84.2,40,24,1,0.1,46,36
3,2008,Arizona,24769,381.1,15,25,3449,53.1,26,35,317,4.9,12,12
4,2008,Arkansas,14136,495.1,28,6,4514,158.1,24,9,206,7.2,20,4
5,2008,California,148798,404.8,1,21,25787,70.2,2,31,2204,6,1,9
6,2008,Colorado,19180,388.3,24,23,3757,76.1,25,29,128,2.6,24,20
7,2008,Connecticut,12519,357.6,29,29,2801,80,29,28,34,1,32,30
8,2008,Delaware,3868,443,41,13,1045,119.7,37,18,16,1.8,39,25
9,2008,Florida,71017,387.5,4,24,23326,127.3,3,17,1044,5.7,4,11
10,2008,Georgia,42629,440.1,8,14,16272,168,8,7,914,9.4,5,3
11,2008,Hawaii,5982,464.4,37,8,610,47.4,39,37,29,2.3,34,22
12,2008,Idaho,4194,275.2,40,42,187,12.3,44,47,7,0.5,44,35
13,2008,Illinois,59169,458.6,5,9,20674,160.2,4,8,554,4.3,7,13
14,2008,Indiana,22154,347.4,20,30,8769,137.5,16,13,140,2.2,23,23
15,2008,Iowa,9372,312.1,33,37,1700,56.6,33,34,16,0.5,39,35
16,2008,Kansas,9208,328.6,35,32,2274,81.2,30,27,30,1.1,33,29
17,2008,Kentucky,12163,284.9,30,40,4548,106.5,23,21,93,2.2,27,23
18,2008,Louisiana,22659,513.7,18,5,9455,214.4,13,2,707,16,6,1
19,2008,Maine,2608,198.1,46,47,96,7.3,49,49,10,0.8,43,32
20,2008,Maryland,24669,437.9,17,15,6666,118.3,19,19,378,6.7,10,5
21,2008,Massachusetts,17503,269.4,25,44,2129,32.8,32,40,216,3.3,18,16
22,2008,Michigan,44923,449.1,7,12,17064,170.6,6,6,210,2.1,19,24
23,2008,Minnesota,14351,274.9,27,43,3037,58.2,28,33,116,2.2,25,23
24,2008,Mississippi,21253,723.2,22,1,7494,255,18,1,184,6.3,21,7
25,2008,Missouri,24817,419.8,14,16,8014,135.6,17,14,224,3.8,17,14
26,2008,Montana,3101,320.5,44,34,122,12.6,47,46,7,0.7,44,33
27,2008,Nebraska,5573,312.5,38,36,1460,81.9,34,26,15,0.8,40,32
28,2008,Nevada,9670,371.9,32,27,2172,83.5,31,25,77,3,29,18
29,2008,New Hampshire,2109,160.3,47,50,100,7.6,48,48,20,1.5,37,27
30,2008,New Jersey,22405,258,19,45,5298,61,21,32,226,2.6,16,20
31,2008,New Mexico,9262,466.8,34,7,1403,70.7,35,30,44,2.2,31,23
32,2008,New York,88359,453.3,3,10,17108,87.8,5,23,1217,6.2,3,8
33,2008,North Carolina,37516,406.8,10,19,15972,173.2,9,5,287,3.1,13,17
34,2008,North Dakota,1921,299.5,48,38,143,22.3,45,44,0,0,47,
35,2008,Ohio,47117,410.2,6,18,16803,146.3,7,10,351,3.1,11,17
36,2008,Oklahoma,14803,406.4,26,20,5185,142.4,22,11,86,2.4,28,21
37,2008,Oregon,10744,283.5,31,41,1225,32.3,36,41,26,0.7,35,33
38,2008,Pennsylvania,42233,339.3,9,31,11071,88.9,10,22,272,2.2,14,23
39,2008,Rhode Island,3317,315.7,42,35,307,29.2,43,42,18,1.7,38,26
40,2008,South Carolina,26323,587.6,13,3,9442,210.8,14,3,98,2.2,26,23
41,2008,South Dakota,2956,367.6,45,28,375,46.6,42,38,1,0.1,46,36
42,2008,Tennessee,28038,451.1,12,11,8780,141.3,15,12,413,6.6,9,6
43,2008,Texas,100870,414.6,2,17,32199,132.4,1,16,1405,5.8,2,10
44,2008,Utah,6021,220,36,46,477,17.4,41,45,25,0.9,36,31
45,2008,Vermont,1190,191.5,50,48,37,6,50,50,11,1.8,42,25
46,2008,Virginia,31218,401.8,11,22,10337,133.1,11,15,266,3.4,15,15
47,2008,Washington,21402,326.8,21,33,3127,47.7,27,36,181,2.8,22,19
48,2008,West Virginia,3316,182.8,43,49,746,41.1,38,39,13,0.7,41,33
49,2008,Wisconsin,20996,373.1,23,26,6087,108.2,20,20,65,1.2,30,28
50,2008,Wyoming,1577,296.1,49,39,124,23.3,46,43,3,0.6,45,34
1,2009,Alabama,25929,550.7,16,5,7498,159.2,15,4,417,8.9,9,4
2,2009,Alaska,5166,739.6,39,2,990,141.7,37,9,0,0,45,
3,2009,Arizona,26002,394.2,15,23,3250,49.3,25,34,231,3.5,18,16
4,2009,Arkansas,14354,496.8,27,7,4460,154.4,23,6,275,9.5,15,3
5,2009,California,146796,397.2,1,22,23228,62.8,2,29,1900,5.1,1,13
6,2009,Colorado,19998,398,24,21,2823,56.2,26,30,105,2.1,25,26
7,2009,Connecticut,12127,344.7,30,31,2558,72.7,27,27,65,1.8,30,28
8,2009,Delaware,4718,533,40,6,971,109.7,38,17,27,3.1,37,18
9,2009,Florida,72931,393.4,4,24,20878,112.6,3,15,1041,5.6,4,11
10,2009,Georgia,39828,405.2,10,20,13687,139.2,9,10,953,9.7,5,2
11,2009,Hawaii,6026,465.3,37,12,631,48.7,39,35,33,2.5,34,23
12,2009,Idaho,3842,248.5,41,45,110,7.1,47,50,3,0.2,44,36
13,2009,Illinois,60542,468.9,5,11,19962,154.6,4,5,750,5.8,6,10
14,2009,Indiana,21732,338.3,21,34,6835,106.4,17,19,158,2.5,22,23
15,2009,Iowa,9406,312.7,35,36,1658,55.1,33,31,23,0.8,38,32
16,2009,Kansas,10510,372.9,32,27,2505,88.9,28,22,32,1.1,35,31
17,2009,Kentucky,13293,308.1,29,37,3827,88.7,24,23,92,2.1,27,26
18,2009,Louisiana,27628,615,13,3,8996,200.3,11,2,741,16.5,7,1
19,2009,Maine,2431,184.4,46,49,143,10.8,45,46,4,0.3,43,35
20,2009,Maryland,23747,416.7,19,18,6395,112.2,19,16,314,5.5,13,12
21,2009,Massachusetts,19315,292.9,25,42,1976,30,31,40,238,3.6,16,15
22,2009,Michigan,45714,458.5,7,13,14704,147.5,7,8,230,2.3,19,25
23,2009,Minnesota,14197,269.6,28,44,2303,43.7,29,36,71,1.3,29,30
24,2009,Mississippi,23589,799.1,20,1,7241,245.3,16,1,237,8,17,5
25,2009,Missouri,25868,432,17,15,6488,108.4,18,18,173,2.9,21,20
26,2009,Montana,2988,306.5,45,38,80,8.2,48,48,4,0.4,43,34
27,2009,Nebraska,5443,303,38,39,1376,76.6,34,26,5,0.3,42,35
28,2009,Nevada,10045,380,33,26,1726,65.3,32,28,91,3.4,28,17
29,2009,New Hampshire,2102,158.7,47,50,113,8.5,46,47,14,1.1,40,31
30,2009,New Jersey,23974,275.3,18,43,4762,54.7,21,32,212,2.4,20,24
31,2009,New Mexico,9493,472.4,34,8,1082,53.8,36,33,61,3,31,19
32,2009,New York,92069,471.1,3,10,17004,87,5,24,1182,6,3,9
33,2009,North Carolina,41045,437.5,9,14,13870,147.9,8,7,579,6.2,8,8
34,2009,North Dakota,1957,302.5,49,40,151,23.3,44,43,4,0.6,43,33
35,2009,Ohio,48239,417.9,6,17,15988,138.5,6,11,360,3.1,11,18
36,2009,Oklahoma,15023,407.5,26,19,4673,126.7,22,12,97,2.6,26,22
37,2009,Oregon,11497,300.5,31,41,1113,29.1,35,41,57,1.5,32,29
38,2009,Pennsylvania,43068,341.7,8,33,10138,80.4,10,25,341,2.7,12,21
39,2009,Rhode Island,3615,343.2,42,32,322,30.6,43,39,20,1.9,39,27
40,2009,South Carolina,26654,584.4,14,4,8318,182.4,12,3,123,2.7,24,21
41,2009,South Dakota,3015,371.1,44,28,344,42.3,41,37,0,0,45,
42,2009,Tennessee,29711,471.9,12,9,7926,125.9,13,13,403,6.4,10,7
43,2009,Texas,105910,427.4,2,16,29295,118.2,1,14,1644,6.6,2,6
44,2009,Utah,6145,220.7,36,46,341,12.2,42,45,31,1.1,36,31
45,2009,Vermont,1186,190.7,50,48,50,8,50,49,0,0,45,
46,2009,Virginia,30903,392,11,25,7789,98.8,14,20,299,3.8,14,14
47,2009,Washington,21387,320.9,22,35,2285,34.3,30,38,139,2.1,23,26
48,2009,West Virginia,3604,198,43,47,475,26.1,40,42,8,0.4,41,34
49,2009,Wisconsin,20906,369.7,23,29,5201,92,20,21,44,0.8,33,32
50,2009,Wyoming,1963,360.7,48,30,74,13.6,49,44,3,0.6,44,33
1,2010,Alabama,27041,574.3,14,6,7933,168.5,13,5,260,5.5,16,10
2,2010,Alaska,6019,861.7,37,1,1273,182.3,34,3,3,0.4,44,46
3,2010,Arizona,26861,407.2,15,21,3249,49.3,25,36,230,3.5,19,20
4,2010,Arkansas,15424,533.8,27,7,4769,165,22,6,205,7.1,21,4
5,2010,California,150443,407,1,22,26441,71.5,2,27,2065,5.6,1,9
6,2010,Colorado,19447,387,25,28,2787,55.5,27,35,138,2.7,27,27
7,2010,Connecticut,12649,359.5,30,33,2569,73,28,26,98,2.8,29,26
8,2010,Delaware,4464,504.3,40,9,1010,114.1,38,16,9,1,41,38
9,2010,Florida,74744,403.2,4,23,20163,108.8,3,18,1184,6.4,3,6
10,2010,Georgia,45147,459.3,9,15,15852,161.3,6,7,795,8.1,6,2
11,2010,Hawaii,6015,464.4,38,13,759,58.6,39,33,35,2.7,36,29
12,2010,Idaho,4208,272.2,41,45,147,9.5,47,48,6,0.4,42,47
13,2010,Illinois,60672,469.9,5,12,15777,122.2,7,13,908,7,5,5
14,2010,Indiana,22825,355.4,21,34,6496,101.1,18,20,175,2.7,22,28
15,2010,Iowa,10542,350.5,33,35,1803,59.9,32,32,19,0.6,39,43
16,2010,Kansas,9601,340.6,35,36,2084,73.9,31,25,19,0.7,39,40
17,2010,Kentucky,16376,379.6,26,29,4345,100.7,24,21,139,3.2,26,22
18,2010,Louisiana,29151,648.9,12,3,8912,198.4,11,2,546,12.2,7,1
19,2010,Maine,2586,196.2,46,49,162,12.3,45,44,32,2.4,37,33
20,2010,Maryland,26192,459.6,17,14,7413,130.1,14,11,328,5.8,11,7
21,2010,Massachusetts,21080,319.7,24,40,2483,37.7,29,39,285,4.3,12,15
22,2010,Michigan,49478,496.3,7,10,13627,136.7,9,10,235,2.4,18,34
23,2010,Minnesota,15294,290.4,28,43,2119,40.2,30,38,149,2.8,25,24
24,2010,Mississippi,21417,725.5,22,2,6195,209.9,19,1,228,7.7,20,3
25,2010,Missouri,26049,435.1,19,19,7159,119.6,16,14,152,2.5,24,31
26,2010,Montana,3082,316.1,45,41,102,10.5,48,47,3,0.3,44,49
27,2010,Nebraska,5114,284.6,39,44,1187,66.1,36,29,12,0.7,40,41
28,2010,Nevada,9666,365.7,34,32,1728,65.4,33,30,130,4.9,28,12
29,2010,New Hampshire,2462,185.9,47,50,151,11.4,46,45,22,1.7,38,37
30,2010,New Jersey,26142,300.2,18,42,5872,67.4,20,28,244,2.8,17,25
31,2010,New Mexico,11706,582.5,32,4,1229,61.2,35,31,53,2.6,33,30
32,2010,New York,99920,511.3,3,8,18320,93.7,4,23,1098,5.6,4,8
33,2010,North Carolina,42048,448.2,10,17,14111,150.4,8,8,396,4.2,9,16
34,2010,North Dakota,2404,371.7,48,31,204,31.5,44,41,3,0.5,44,45
35,2010,Ohio,51150,443.1,6,18,16496,142.9,5,9,528,4.6,8,13
36,2010,Oklahoma,14302,387.9,29,27,4369,118.5,23,15,92,2.5,30,32
37,2010,Oregon,12352,322.9,31,38,1076,28.1,37,42,71,1.9,31,36
38,2010,Pennsylvania,47518,377,8,30,12883,102.2,10,19,369,2.9,10,23
39,2010,Rhode Island,3480,330.4,43,37,291,27.6,43,43,41,3.9,35,18
40,2010,South Carolina,26525,581.5,16,5,7970,174.7,12,4,155,3.4,23,21
41,2010,South Dakota,3192,392.9,44,24,468,57.6,41,34,4,0.5,43,44
42,2010,Tennessee,28327,449.9,13,16,7121,113.1,17,17,277,4.4,14,14
43,2010,Texas,119872,483.7,2,11,31788,128.3,1,12,1230,5,2,11
44,2010,Utah,6690,240.3,36,46,310,11.1,42,46,65,2.3,32,35
45,2010,Vermont,1257,202.2,50,48,58,9.3,49,49,4,0.6,43,42
46,2010,Virginia,30797,390.7,11,25,7402,93.9,15,22,279,3.5,13,19
47,2010,Washington,21348,320.3,23,39,2864,43,26,37,266,4,15,17
48,2010,West Virginia,3876,213,42,47,579,31.8,40,40,6,0.3,42,48
49,2010,Wisconsin,23236,410.9,20,20,5091,90,21,24,49,0.9,34,39
50,2010,Wyoming,2113,388.2,49,26,40,7.3,50,50,0,0,45,
1,2011,Alabama,29626,619.8,14,5,9132,191.1,12,3,228,4.8,18,13
2,2011,Alaska,5739,808,39,1,984,138.5,37,9,5,0.7,46,43
3,2011,Arizona,29251,457.6,15,18,4564,71.4,23,32,274,4.3,15,18
4,2011,Arkansas,16052,550.5,28,9,4687,160.7,22,7,182,6.2,22,8
5,2011,California,166773,447.7,1,21,27516,73.9,2,31,2443,6.6,1,6
6,2011,Colorado,21811,433.7,24,23,2363,47,28,36,133,2.6,27,28
7,2011,Connecticut,13649,381.9,30,33,2449,68.5,27,33,65,1.8,32,34
8,2011,Delaware,4508,502,41,12,827,92.1,38,22,27,3,35,22
9,2011,Florida,76033,404.4,4,28,19689,104.7,4,19,1257,6.7,2,5
10,2011,Georgia,54403,561.6,7,7,16428,169.6,8,6,678,7,6,3
11,2011,Hawaii,6001,441.2,38,22,685,50.4,40,35,14,1,39,38
12,2011,Idaho,4699,299.8,40,44,162,10.3,46,45,13,0.8,41,41
13,2011,Illinois,64939,506.1,5,11,17037,132.8,6,10,881,6.9,5,4
14,2011,Indiana,27801,428.8,18,25,6569,101.3,17,21,173,2.7,23,26
15,2011,Iowa,10705,351.4,33,39,1920,63,33,34,20,0.7,37,44
16,2011,Kansas,10598,371.5,34,34,2209,77.4,31,27,24,0.8,36,40
17,2011,Kentucky,16629,383.2,27,32,4521,104.2,24,20,129,3,28,23
18,2011,Louisiana,31614,697.4,12,3,9169,202.3,11,1,447,9.9,8,1
19,2011,Maine,3094,232.9,46,48,272,20.5,44,44,12,0.9,42,39
20,2011,Maryland,27212,471.3,19,16,6458,111.9,19,16,452,7.8,7,2
21,2011,Massachusetts,22764,347.7,23,40,2353,35.9,29,42,266,4.1,16,19
22,2011,Michigan,49568,501.5,10,13,12901,130.5,10,11,286,2.9,13,25
23,2011,Minnesota,16902,318.7,26,43,2284,43.1,30,37,139,2.6,24,30
24,2011,Mississippi,21216,715,25,2,5814,195.9,20,2,191,6.4,21,7
25,2011,Missouri,27887,465.6,17,17,7802,130.3,14,12,136,2.3,25,32
26,2011,Montana,3406,344.2,45,42,85,8.6,48,48,7,0.7,45,42
27,2011,Nebraska,6780,371.2,37,35,1352,74,36,29,10,0.5,43,45
28,2011,Nevada,10507,389.1,35,31,2000,74.1,32,28,136,5,26,10
29,2011,New Hampshire,3010,228.6,47,50,130,9.9,47,47,18,1.4,38,36
30,2011,New Jersey,26209,298.1,20,45,7348,83.6,16,25,232,2.6,17,29
31,2011,New Mexico,11374,552.4,32,8,1839,89.3,34,23,71,3.4,31,21
32,2011,New York,102763,530.3,3,10,20706,106.9,3,18,1083,5.6,4,9
33,2011,North Carolina,54819,574.9,6,6,17454,183,5,4,431,4.5,10,15
34,2011,North Dakota,2445,363.5,48,37,251,37.3,45,41,1,0.1,48,48
35,2011,Ohio,52653,456.4,9,19,16726,145,7,8,440,3.8,9,20
36,2011,Oklahoma,14596,389.1,29,30,4215,112.4,25,15,84,2.2,30,33
37,2011,Oregon,13643,356.1,31,38,1489,38.9,35,40,97,2.5,29,31
38,2011,Pennsylvania,52884,416.3,8,27,13770,108.4,9,17,373,2.9,11,24
39,2011,Rhode Island,4146,393.9,43,29,360,34.2,42,43,46,4.4,34,17
40,2011,South Carolina,28932,625.5,16,4,8350,180.5,13,5,221,4.8,19,12
41,2011,South Dakota,3409,418.7,44,26,602,73.9,41,30,0,0,49,
42,2011,Tennessee,31105,490.1,13,15,7667,120.8,15,14,278,4.4,14,16
43,2011,Texas,124882,496.6,2,14,30930,123,1,13,1169,4.6,3,14
44,2011,Utah,7086,256.4,36,46,277,10,43,46,14,0.5,40,46
45,2011,Vermont,1483,237,50,47,48,7.7,49,50,9,1.4,44,35
46,2011,Virginia,36314,453.9,11,20,6518,81.5,18,26,213,2.7,20,27
47,2011,Washington,23280,346.2,22,41,2737,40.7,26,39,328,4.9,12,11
48,2011,West Virginia,4295,231.8,42,49,796,43,39,38,4,0.2,47,47
49,2011,Wisconsin,24619,432.9,21,24,4789,84.2,21,24,65,1.1,33,37
50,2011,Wyoming,2092,371.2,49,36,46,8.2,50,49,0,0,50,
1,2012,Alabama,30621,637.6,13,3,9270,193,11,3,216,4.5,20,15
2,2012,Alaska,5462,755.8,39,2,726,100.5,40,19,11,1.5,43,41
3,2012,Arizona,30444,469.6,14,17,5809,89.6,20,24,202,3.1,23,28
4,2012,Arkansas,16611,565.4,29,7,4307,146.6,24,7,173,5.9,24,9
5,2012,California,167695,444.9,1,23,33579,89.1,1,25,2953,7.8,1,2
6,2012,Colorado,21631,422.7,25,28,2822,55.2,28,37,208,4.1,22,21
7,2012,Connecticut,13065,364.9,31,39,2133,59.6,32,34,55,1.5,33,40
8,2012,Delaware,4438,489.2,42,14,899,99.1,37,20,38,4.2,36,17
9,2012,Florida,77644,407.4,4,32,19462,102.1,4,18,1369,7.2,3,5
10,2012,Georgia,52418,534,8,8,15326,156.1,8,5,937,9.5,5,1
11,2012,Hawaii,6340,461.2,38,19,815,59.3,39,35,23,1.7,40,37
12,2012,Idaho,4550,287.1,41,45,167,10.5,46,49,26,1.6,38,38
13,2012,Illinois,67701,526.1,5,9,18149,141,5,10,804,6.2,6,8
14,2012,Indiana,29505,452.7,15,22,7338,112.6,17,17,224,3.4,19,26
15,2012,Iowa,11377,371.5,33,36,2006,65.5,33,33,70,2.3,32,33
16,2012,Kansas,11135,387.8,35,34,2228,77.6,31,31,24,0.8,39,45
17,2012,Kentucky,17273,395.3,27,33,4283,98,25,21,150,3.4,26,27
18,2012,Louisiana,27353,597.9,17,4,8873,194,13,2,339,7.4,11,3
19,2012,Maine,3413,257,46,49,456,34.3,44,44,17,1.3,42,43
20,2012,Maryland,26534,455.3,20,21,5686,97.6,21,22,431,7.4,8,4
21,2012,Massachusetts,23550,357.5,23,41,2628,39.9,29,42,316,4.8,12,14
22,2012,Michigan,47566,481.6,10,15,12584,127.4,10,12,295,3,14,29
23,2012,Minnesota,18056,337.8,26,43,3082,57.7,27,36,118,2.2,27,34
24,2012,Mississippi,23054,774,24,1,6875,230.8,19,1,150,5,26,11
25,2012,Missouri,27835,463.1,16,18,7889,131.2,14,11,157,2.6,25,31
26,2012,Montana,3827,383.4,45,35,108,10.8,48,48,2,0.2,47,50
27,2012,Nebraska,6748,366.2,37,38,1429,77.6,36,32,8,0.4,44,48
28,2012,Nevada,11137,408.9,34,31,2264,83.1,30,29,113,4.1,28,20
29,2012,New Hampshire,3072,233,47,50,147,11.2,47,47,36,2.7,37,30
30,2012,New Jersey,27271,309.2,18,44,7486,84.9,16,28,229,2.6,17,32
31,2012,New Mexico,11898,571.4,32,6,1883,90.4,34,23,101,4.9,29,12
32,2012,New York,100546,516.5,3,11,22571,116,3,16,1224,6.3,4,7
33,2012,North Carolina,50596,524,9,10,14318,148.3,9,6,347,3.6,10,24
34,2012,North Dakota,2908,425.2,48,27,335,49,45,38,4,0.6,46,47
35,2012,Ohio,53141,460.3,7,20,16493,142.9,6,8,425,3.7,9,23
36,2012,Oklahoma,16843,444.2,28,24,4441,117.1,23,15,83,2.2,31,35
37,2012,Oregon,13454,347.5,30,42,1464,37.8,35,43,212,5.5,21,10
38,2012,Pennsylvania,54993,431.6,6,26,15390,120.8,7,14,494,3.9,7,22
39,2012,Rhode Island,4313,410.3,43,30,507,48.2,42,39,44,4.2,34,18
40,2012,South Carolina,27149,580.2,19,5,7638,163.2,15,4,225,4.8,18,13
41,2012,South Dakota,3924,476.2,44,16,707,85.8,41,26,18,2.2,41,36
42,2012,Tennessee,32525,507.9,12,12,9098,142.1,12,9,266,4.2,16,19
43,2012,Texas,127036,494.8,2,13,32473,126.5,2,13,1627,6.3,2,6
44,2012,Utah,7615,270.3,36,47,479,17,43,45,42,1.5,35,42
45,2012,Vermont,1724,275.2,50,46,99,15.8,49,46,6,1,45,44
46,2012,Virginia,34963,431.8,11,25,6885,85,18,27,285,3.5,15,25
47,2012,Washington,24596,360.1,21,40,3238,47.4,26,40,302,4.4,13,16
48,2012,West Virginia,4790,258.2,40,48,831,44.8,38,41,8,0.4,44,49
49,2012,Wisconsin,23726,415.4,22,29,4704,82.4,22,30,91,1.6,30,39
50,2012,Wyoming,2102,370,49,37,44,7.7,50,50,4,0.7,46,46
1,2013,Alabama,29464,611,14,3,8377,173.7,12,2,183,3.8,25,19
2,2013,Alaska,5774,789.4,39,1,1128,154.2,38,4,23,3.1,42,24
3,2013,Arizona,30564,466.4,12,18,6412,97.8,19,25,287,4.4,15,15
4,2013,Arkansas,15447,523.8,29,8,4007,135.9,26,11,177,6,26,10
5,2013,California,167346,439.9,1,23,38166,100.3,1,22,3532,9.3,1,2
6,2013,Colorado,20386,393,24,33,2820,54.4,30,38,163,3.1,27,24
7,2013,Connecticut,12775,355.8,31,40,2860,79.7,29,30,56,1.6,34,31
8,2013,Delaware,5213,568.4,41,6,1390,151.6,36,6,52,5.7,35,11
9,2013,Florida,80182,415.1,4,27,20818,107.8,3,18,1513,7.8,2,4
10,2013,Georgia,51070,514.8,8,9,14252,143.7,7,8,1017,10.3,5,1
11,2013,Hawaii,6640,476.9,38,15,718,51.6,42,39,46,3.3,37,23
12,2013,Idaho,5428,340.2,40,44,211,13.2,47,48,15,0.9,43,32
13,2013,Illinois,63797,495.5,5,12,16464,127.9,6,13,798,6.2,6,9
14,2013,Indiana,28023,428.7,17,24,7144,109.3,16,16,215,3.3,21,23
15,2013,Iowa,10953,356.3,35,39,1472,47.9,35,40,106,3.4,30,22
16,2013,Kansas,11012,381.6,34,35,2161,74.9,32,32,51,1.8,36,29
17,2013,Kentucky,17134,391.2,28,34,4315,98.5,25,23,122,2.8,28,25
18,2013,Louisiana,28739,624.5,15,2,8669,188.4,11,1,423,9.2,11,3
19,2013,Maine,3438,258.7,46,49,245,18.4,45,46,10,0.8,45,33
20,2013,Maryland,26723,454.1,19,20,5989,101.8,20,20,456,7.7,9,5
21,2013,Massachusetts,23210,349.2,23,41,3106,46.7,28,41,360,5.4,13,12
22,2013,Michigan,44835,453.6,10,22,10569,106.9,10,19,487,4.9,7,14
23,2013,Minnesota,18742,348.4,25,42,3873,72,27,34,193,3.6,24,21
24,2013,Mississippi,17464,585.1,27,5,5096,170.7,22,3,78,2.6,32,26
25,2013,Missouri,27328,453.8,18,21,7546,125.3,13,14,251,4.2,19,17
26,2013,Montana,3818,379.8,45,36,224,22.3,46,45,5,0.5,46,34
27,2013,Nebraska,7301,393.5,37,32,1385,74.6,37,33,41,2.2,40,27
28,2013,Nevada,11781,427,33,25,2714,98.4,31,24,205,7.4,23,7
29,2013,New Hampshire,3119,236.2,47,50,121,9.2,48,50,28,2.1,41,28
30,2013,New Jersey,28327,319.6,16,45,7014,79.1,17,31,233,2.6,20,26
31,2013,New Mexico,12249,587.3,32,4,1918,92,33,27,78,3.7,32,20
32,2013,New York,95803,489.5,3,13,19919,101.8,4,21,1459,7.5,4,6
33,2013,North Carolina,48416,496.5,9,11,13666,140.1,9,9,404,4.1,12,18
34,2013,North Dakota,2932,419.1,48,26,492,70.3,43,35,12,1.7,44,30
35,2013,Ohio,53121,460.2,6,19,16619,144,5,7,436,3.8,10,19
36,2013,Oklahoma,18278,479.1,26,14,5303,139,21,10,118,3.1,29,24
37,2013,Oregon,14181,363.7,30,37,1729,44.3,34,42,267,6.8,18,8
38,2013,Pennsylvania,52056,407.8,7,30,13874,108.7,8,17,471,3.7,8,20
39,2013,Rhode Island,4312,410.6,43,29,454,43.2,44,43,45,4.3,38,16
40,2013,South Carolina,25594,541.8,20,7,7194,152.3,15,5,271,5.7,17,11
41,2013,South Dakota,3927,471.2,44,16,784,94.1,41,26,44,5.3,39,13
42,2013,Tennessee,30370,470.4,13,17,7376,114.2,14,15,214,3.3,22,23
43,2013,Texas,129861,498.3,2,10,33835,129.8,2,12,1475,5.7,3,11
44,2013,Utah,7535,263.9,36,48,951,33.3,40,44,74,2.6,33,26
45,2013,Vermont,1842,294.2,50,46,97,15.5,49,47,3,0.5,47,34
46,2013,Virginia,33316,407,11,31,6952,84.9,18,28,315,3.8,14,19
47,2013,Washington,24950,361.8,21,38,4369,63.3,24,36,284,4.1,16,18
48,2013,West Virginia,5139,277,42,47,1063,57.3,39,37,15,0.8,43,33
49,2013,Wisconsin,23572,411.6,22,28,4599,80.3,23,29,95,1.7,31,30
50,2013,Wyoming,2005,347.8,49,43,66,11.5,50,49,1,0.2,48,35
1,2014,Alabama,29010,600.2,15,4,7677,158.8,15,6,161,3.3,27,34
2,2014,Alaska,5789,787.5,39,1,1341,182.4,38,3,15,2,45,41
3,2014,Arizona,32397,488.9,12,14,7750,117,14,16,577,8.7,8,7
4,2014,Arkansas,15605,527.3,29,8,4539,153.4,24,7,121,4.1,31,27
5,2014,California,176308,459.9,1,22,45408,118.5,1,15,3835,10,1,4
6,2014,Colorado,21863,415,23,29,3170,60.2,30,38,186,3.5,25,31
7,2014,Connecticut,13382,372.1,31,40,2333,64.9,32,37,86,2.4,32,38
8,2014,Delaware,4473,483.2,42,15,1279,138.2,39,10,47,5.1,40,19
9,2014,Florida,84194,430.6,4,27,20944,107.1,3,21,1740,8.9,2,5
10,2014,Georgia,51945,519.9,7,9,13770,137.8,8,11,1234,12.3,5,3
11,2014,Hawaii,6419,457.2,38,23,1020,72.6,40,35,68,4.8,36,22
12,2014,Idaho,5442,337.6,40,44,443,27.5,45,46,12,0.7,47,49
13,2014,Illinois,66536,516.5,5,10,15970,124,6,13,863,6.7,6,12
14,2014,Indiana,28519,434,17,26,7289,110.9,17,18,168,2.6,26,37
15,2014,Iowa,11804,382,33,38,1641,53.1,35,42,72,2.3,34,39
16,2014,Kansas,11116,384.1,35,37,2568,88.7,31,31,60,2.1,37,40
17,2014,Kentucky,17664,401.9,28,33,4353,99,25,27,158,3.6,28,30
18,2014,Louisiana,28955,626,16,3,9002,194.6,11,1,575,12.4,9,2
19,2014,Maine,3530,265.8,47,49,237,17.8,47,48,16,1.2,44,46
20,2014,Maryland,27424,462.6,20,21,6108,103,22,24,449,7.6,12,8
21,2014,Massachusetts,21271,317.8,24,46,3817,57,28,40,301,4.5,17,24
22,2014,Michigan,44256,447.2,10,24,9688,97.9,10,28,421,4.3,13,25
23,2014,Minnesota,19907,367.3,26,41,4073,75.1,27,33,257,4.7,21,23
24,2014,Mississippi,19605,655.4,27,2,5625,188.1,23,2,189,6.3,24,13
25,2014,Missouri,27981,462.9,19,20,7387,122.2,16,14,352,5.8,15,17
26,2014,Montana,4193,413,44,31,434,42.8,46,45,8,0.8,48,48
27,2014,Nebraska,7499,401.3,37,34,1459,78.1,36,32,50,2.7,39,36
28,2014,Nevada,11841,424.4,32,28,3188,114.3,29,17,357,12.8,14,1
29,2014,New Hampshire,3586,271,46,48,226,17.1,48,49,36,2.7,42,35
30,2014,New Jersey,29904,336,14,45,6636,74.6,19,34,297,3.3,18,33
31,2014,New Mexico,11558,554.3,34,6,2246,107.7,34,20,126,6,30,16
32,2014,New York,98814,502.8,3,11,20758,105.6,4,22,1727,8.8,3,6
33,2014,North Carolina,47147,478.7,9,16,14415,146.4,7,8,733,7.4,7,9
34,2014,North Dakota,3451,477.1,48,17,694,95.9,43,29,13,1.8,46,42
35,2014,Ohio,54858,474.1,6,18,16237,140.3,5,9,568,4.9,10,21
36,2014,Oklahoma,20662,536.6,25,7,6137,159.4,21,5,151,3.9,29,28
37,2014,Oregon,15508,394.6,30,36,2320,59,33,39,272,6.9,20,10
38,2014,Pennsylvania,50536,395.6,8,35,12710,99.5,9,26,532,4.2,11,26
39,2014,Rhode Island,4349,413.6,43,30,590,56.1,44,41,71,6.8,35,11
40,2014,South Carolina,28087,588.2,18,5,8253,172.8,12,4,250,5.2,22,18
41,2014,South Dakota,4166,493.1,45,13,892,105.6,41,23,53,6.3,38,14
42,2014,Tennessee,30793,474,13,19,7199,110.8,18,19,237,3.6,23,29
43,2014,Texas,131219,496.1,2,12,35322,133.6,2,12,1636,6.2,4,15
44,2014,Utah,8223,283.5,36,47,1441,49.7,37,43,47,1.6,41,43
45,2014,Vermont,2237,357,49,42,84,13.4,50,50,5,0.8,49,47
46,2014,Virginia,36048,436.4,11,25,8250,99.9,13,25,289,3.5,19,32
47,2014,Washington,26577,381.2,21,39,6221,89.2,20,30,344,4.9,16,20
48,2014,West Virginia,4719,254.5,41,50,841,45.4,42,44,28,1.5,43,44
49,2014,Wisconsin,23154,403.2,22,32,4078,71,26,36,86,1.5,33,45
50,2014,Wyoming,1972,338.4,50,43,116,19.9,49,47,4,0.7,50,50
1,2015,Alabama,5660,543.6,21,9,7196,148.4,19,9,280,5.8,24,1
2,2015,Alaska,26359,768.3,39,1,1113,151.1,40,8,8,1.1,49,2
3,2015,Arizona,32387,481.1,12,18,8245,122.5,14,20,589,8.7,10,3
4,2015,Arkansas,16166,545,30,8,4780,161.1,25,6,134,4.5,30,4
5,2015,California,189170,487.5,1,17,54135,139.5,1,14,4908,12.6,1,5
6,2015,Colorado,23857,445.4,24,26,4387,81.9,27,36,245,4.6,26,6
7,2015,Connecticut,13126,364.9,31,41,2088,58.1,35,41,92,2.6,32,7
8,2015,Delaware,4605,492.2,42,15,1310,140,38,13,41,4.4,42,8
9,2015,Florida,90468,454.8,4,25,24125,121.3,4,21,2083,10.5,2,8
10,2015,Georgia,57639,570.8,7,6,15982,158.3,8,7,1413,14,5,9
11,2015,Hawaii,7074,498.3,38,14,1239,87.3,39,34,91,6.4,33,10
12,2015,Idaho,5631,344.5,40,45,472,28.9,46,48,57,3.5,39,11
13,2015,Illinois,69610,540.4,5,11,17130,133,6,15,1085,8.4,7,11
14,2015,Indiana,28886,437.9,17,27,7843,118.9,17,23,285,4.3,23,12
15,2015,Iowa,12085,388.9,34,40,2247,72.3,34,40,75,2.4,37,13
16,2015,Kansas,11464,394.8,35,38,2536,87.3,32,33,87,3,34,14
17,2015,Kentucky,17444,395.2,27,37,4678,106,26,25,145,3.3,29,14
18,2015,Louisiana,32325,695.2,13,2,10282,221.1,11,1,696,15,8,15
19,2015,Maine,3965,298.1,45,47,417,31.4,47,46,28,2.1,45,16
20,2015,Maryland,27450,459.3,20,23,6858,114.8,21,24,509,8.5,12,17
21,2015,Massachusetts,24100,357.3,23,42,3817,56.6,29,42,418,6.2,14,18
22,2015,Michigan,46486,469.1,10,21,10330,104.2,10,26,403,4.1,15,19
23,2015,Minnesota,21243,389.3,25,39,4097,75.1,28,39,246,4.5,25,20
24,2015,Mississippi,17371,580.2,28,5,5775,192.9,23,3,219,7.3,27,20
25,2015,Missouri,28948,477.4,16,20,8942,147.5,12,10,307,5.1,21,21
26,2015,Montana,4184,408.8,44,35,844,82.5,42,35,13,1.3,46,22
27,2015,Nebraska,7956,422.9,37,32,1703,90.5,36,32,45,2.4,41,22
28,2015,Nevada,12925,455.3,32,24,3630,127.9,30,18,335,11.8,19,23
29,2015,New Hampshire,3095,233.3,48,50,245,18.5,48,50,40,3,43,23
30,2015,New Jersey,31337,350.6,14,43,7228,80.9,18,38,372,4.2,16,24
31,2015,New Mexico,12632,605.7,33,4,2489,119.3,33,22,118,5.7,31,25
32,2015,New York,103615,524.7,3,12,25561,129.4,3,16,2006,10.2,3,26
33,2015,North Carolina,64376,647.4,6,3,19809,199.2,5,2,1196,12,6,27
34,2015,North Dakota,3159,427.2,47,29,684,92.5,44,30,11,1.5,47,28
35,2015,Ohio,56726,489.3,8,16,16564,142.9,7,12,560,4.8,11,29
36,2015,Oklahoma,21025,542.2,26,10,6542,168.7,22,5,209,5.4,28,30
37,2015,Oregon,16305,410.7,29,34,3232,81.4,31,37,345,8.7,18,31
38,2015,Pennsylvania,53460,418.1,9,33,12791,100,9,28,655,5.1,9,32
39,2015,Rhode Island,4575,433.6,43,28,580,55,45,43,77,7.3,36,33
40,2015,South Carolina,27538,569.9,19,7,8206,169.8,15,4,294,6.1,22,34
41,2015,South Dakota,3949,462.9,46,22,1048,122.8,41,19,39,4.6,44,35
42,2015,Tennessee,31272,477.5,15,19,8386,128,13,17,349,5.3,17,35
43,2015,Texas,141158,523.6,2,13,39717,147.3,2,11,1680,6.2,4,36
44,2015,Utah,8633,293.3,36,48,1562,53.1,37,44,65,2.2,38,37
45,2015,Vermont,1901,303.4,50,46,155,24.7,50,49,9,1.4,48,38
46,2015,Virginia,35349,424.5,11,30,8099,97.3,16,29,334,4,20,39
47,2015,Washington,28699,406.4,18,36,7171,101.6,20,27,445,6.3,13,39
48,2015,West Virginia,4958,268,41,49,769,41.6,43,45,52,2.8,40,40
49,2015,Wisconsin,24381,423.5,22,31,5260,91.4,24,31,79,1.4,35,41
50,2015,Wyoming,2037,348.7,49,44,175,30,49,47,5,0.9,50,42
